Gender,Married,Dependents,Education,Self_Employed,Credit_History,Property_Area,Loan_Amount_Term_year,Has_Coapplicant,income_category,ApplicantIncome_log,CoapplicantIncome_log,LoanAmount_log,Total_income_log,EMI_log
-1.0,0.0,2.0,1.0,0.0,0.0,0.0,0.0,0.0,-1.0,-4.2548740822253555,0.13459698091640576,-0.6025710957078692,-0.9680419993878271,-0.5049317607201844
0.0,0.0,0.0,0.0,0.0,-14.118691880160718,-0.5,0.0,0.0,0.0,-0.04467960381149958,0.08346639458980555,0.05060812647635113,0.12834835072286926,0.023663597000111926
0.0,0.0,0.0,1.0,0.0,0.0,-0.5,0.0,0.0,0.0,-0.40869703331650137,-0.0847977416123466,-1.4945112761594705,-0.7881494329787329,-1.2267481056650102
0.0,0.0,2.0,0.0,0.0,0.0,0.0,0.0,0.0,0.0,0.29105645838376565,0.038288042501964235,0.35785894589990874,0.24260781109788768,0.27231106049404935
0.0,0.0,3.0,0.0,0.0,0.0,-0.5,0.0,0.0,0.0,-0.5402206644264697,0.09096713192889462,-0.6727204768712518,-0.21004657208619945,-0.5617012291455857
0.0,0.0,1.0,0.0,0.0,0.0,0.5,0.0,0.0,0.0,0.08469802345092604,0.14801944729671918,0.962718405933731,0.5774721893937187,0.7618029055927426
0.0,0.0,0.0,0.0,0.0,0.0,0.5,0.0,0.0,1.0,2.4650895215108153,0.24171417311146237,2.982264503883252,2.9757835250307862,2.396151727204789
0.0,-1.0,0.0,0.0,0.0,-5.491568737354025,-0.5,0.0,-1.0,1.0,0.6437570021473152,0.17359254482214842,1.654240061498337,1.1293434895852623,1.3214274687748973
0.0,-1.0,0.0,0.0,0.0,0.0,0.0,0.0,-1.0,0.0,-0.2612752844414943,-0.8995617016237623,-0.015792881696433506,-0.9112020944591976,-0.030072442781910746
0.0,0.0,3.0,1.0,1.0,0.0,0.0,0.0,0.0,0.0,-0.21381996867018546,0.09602922055587046,0.034981941270191365,0.05594330571390345,0.011017865662803694
-1.0,-1.0,0.0,0.0,0.0,0.0,-0.5,0.0,-1.0,1.0,1.392229166255811,0.06202867743907037,1.2727058207132929,1.420270472808546,1.0126650010774298
0.0,0.0,0.0,0.0,0.0,0.0,0.0,0.0,0.0,1.0,1.0633252620922486,-0.8995617016237623,1.5632175811909759,0.7325861908742418,1.2477661229994352
-1.0,0.0,0.0,0.0,0.0,-6.262382970482865,-0.5,0.0,0.0,0.44355263388689936,0.369979701293027,-0.8995617016237623,-0.365874627108497,-0.1278341928498498,-0.3133814935943741
0.0,0.0,0.0,0.0,0.0,0.0,0.0,0.0,0.0,0.0,-0.21381996867018546,0.11460923124782199,0.0,0.16290579441634784,-0.017291809739350617
0.0,0.0,2.0,0.0,0.0,0.0,-0.5,0.0,0.0,0.0,-0.5864526514463225,0.10548515638222249,-0.0535113621946759,-0.14846024296634944,-0.06059670475240441
0.0,-1.0,0.0,0.0,0.0,0.0,0.5,0.0,-1.0,0.0,-0.6465253519207812,-0.8995617016237623,-1.747480416406393,-1.3892855057212032,-1.4314672832497881
0.0,0.0,0.0,0.0,0.0,0.0,0.5,0.0,0.0,0.0,0.032582031708455306,0.13682032879130498,0.8597637563269804,0.47222685299813877,0.6784852678150678
-1.0,-1.0,1.0,0.0,0.0,0.0,-0.5,0.0,-1.0,0.0,0.26469643189434333,-0.8995617016237623,-1.0324356877996745,-0.25848747193239174,-0.8528063104773277
0.0,0.0,0.0,0.0,1.0,0.0,0.0,-20.0,0.0,0.0,-0.159578987686578,-0.8995617016237623,-3.684870053615615,-0.7850001374201696,-0.9933323605297834
0.0,0.0,0.0,0.0,0.0,0.0,0.5,0.0,0.0,1.0,0.7066012189506823,-0.8995617016237623,0.5034765667187975,0.2899026930096652,0.39015436559757566
0.0,0.0,2.0,0.0,1.0,-14.118691880160718,-0.5,0.0,0.0,0.3053005345784934,-0.11085031572179523,-0.8995617016237623,-0.2956059970835248,-0.7245293635365462,-0.2565155211888868
0.0,-1.0,0.0,1.0,0.0,0.0,0.0,0.0,-1.0,1.0,0.8248258092573816,-0.8995617016237623,0.034981941270191365,0.4366157508390937,0.011017865662803694
0.0,0.0,2.0,0.0,0.0,0.0,0.0,0.0,0.0,0.0,-0.517371763719135,0.015920136714772756,-0.6257127346228832,-0.5789918781177468,-0.5236594888613368
0.0,0.0,1.0,0.0,1.0,0.0,0.0,0.0,0.0,0.0,-0.16338729864075077,0.09071811035995687,0.5315053745513939,0.06581271953774054,0.4128371105465054
0.0,0.0,1.0,0.0,0.0,0.0,0.0,0.0,0.0,0.0,0.09986815412761259,0.15190075092386163,0.9701794978841287,0.6103086689452142,0.7678409093052856
-1.0,-1.0,0.0,1.0,0.0,0.0,-0.5,0.0,-1.0,0.0,-0.184727179259558,-0.8995617016237623,-0.6727204768712518,-0.8162082648916259,-0.5617012291455857
0.0,0.0,1.0,0.0,0.0,0.0,0.5,0.0,0.0,0.0,-0.9501794910478529,0.1349518495481045,-0.28122950455346185,-0.13888575089731722,-0.24488112292024794
0.0,-1.0,0.0,0.0,0.0,-9.630633382756601,0.0,0.0,-1.0,1.0,1.8511782283412757,-0.8995617016237623,1.2858391370427629,1.7102873400050616,1.0232933398356887
0.0,-1.0,0.0,0.0,0.0,0.0,0.5,0.0,-1.0,0.0,-1.0854408800872721,0.4522443274150562,-0.794711808356575,3.447799393273259,-0.6604245952833292
-1.0,-1.0,0.0,0.0,0.0,0.0,0.0,10.0,-1.0,0.0,0.09120354528272576,-0.5788462438217302,-0.07481590294530933,-0.23855449574214918,-0.603127213316025
-1.0,-1.0,0.0,0.0,0.0,0.0,-0.5,0.0,-1.0,0.0,-0.03683359257309168,0.06202867743907037,0.12013506645680921,0.03236952125342678,0.07992934530005126
0.0,0.0,2.0,0.0,0.0,0.0,0.0,0.0,0.0,0.0,-0.05442412808683147,-0.8995617016237623,-0.1456176208188887,-0.6545062109241618,-0.13513511484287696
0.0,0.0,0.0,0.0,0.0,0.0,0.0,0.0,0.0,1.0,1.509187085540057,-0.8995617016237623,1.3611991241781622,1.2858869155182082,1.0842795714926388
0.0,0.0,0.0,0.0,0.0,0.0,0.5,0.0,0.0,0.0,-0.634194741312901,0.1687264543593335,-0.1456176208188887,0.3014641966853352,-0.13513511484287696
0.0,-1.0,0.0,0.0,1.0,0.0,0.5,0.0,-1.0,1.0,1.5315493802067146,-0.8995617016237623,-0.977401495666818,1.3136378311451251,-0.8082690418544288
0.0,-1.0,0.0,0.0,0.0,0.0,-0.5,0.0,-1.0,0.0,-0.07063746630783589,0.1849114030934543,0.6666529533116173,0.7307419983026795,0.5222073726636975
-1.0,-1.0,0.0,0.0,1.0,0.0,-0.5,0.0,-1.0,1.0,0.9601635960212861,-0.8995617016237623,0.9382283277281872,0.6045657558633397,0.7419839321624964
-1.0,-1.0,0.0,0.0,0.0,0.0,0.0,0.0,-1.0,1.0,1.392229166255811,-0.8995617016237623,1.1596106664104562,1.1407457572274962,0.9211410035056288
0.0,0.0,2.0,0.0,0.0,0.0,0.0,0.0,0.0,0.0,0.37901721247145564,0.1642463235501852,1.3804017082957476,0.8812314837269731,1.0998195587978776
-1.0,-1.0,0.0,0.0,0.0,0.0,-0.5,10.0,-1.0,-1.0,-2.614575287690924,0.16481048412207544,-0.28122950455346185,-0.3784369450928726,-0.7701706033607002
0.0,0.0,0.0,0.0,0.0,0.0,0.0,0.0,0.0,0.0,0.010946705766984649,0.12308451851003446,0.5315053745513939,0.37486954090934,0.4128371105465054
0.0,-1.0,0.0,1.0,0.0,0.0,-0.5,0.0,-1.0,0.0,0.016576790507612106,0.06202867743907037,-0.3625460533780044,0.07856320145740214,-0.3106877939756317
0.0,0.0,0.0,0.0,0.0,0.0,-0.5,0.0,0.0,0.0,-0.5402206644264697,0.18488127042174748,-0.1268931148924962,0.4849073310381969,-0.11998201968593208
-1.0,-1.0,0.0,0.0,0.0,-14.118691880160718,0.0,0.0,-1.0,0.0,0.07719758952963318,-0.8995617016237623,-0.26706700662683874,-0.49116773270928893,-0.2334199030842855
0.0,0.0,2.0,0.0,1.0,0.0,0.5,0.0,0.0,0.0,-1.2865575293107003,0.3840921194705195,1.4089025927102308,2.5377172860128305,1.1228843390002239
-1.0,0.0,0.0,0.0,0.0,-2.073347184943151,-0.5,0.0,0.0,0.14685122407526818,0.2908743826538302,-0.8995617016237623,-0.322669673718118,-0.22600144517882823,-0.2784172188332957
0.0,0.0,0.0,0.0,0.0,0.0,0.0,0.0,0.0,0.0,-0.3882943224123943,0.13383964359252434,0.05227160453144123,0.17066388419091094,0.025009792267392614
0.0,0.0,1.0,0.0,0.0,0.0,0.0,0.0,0.0,0.0,-0.24943192763113112,0.1349518495481045,0.23045628787415182,0.2815181017068996,0.1692084949096103
0.0,-1.0,0.0,0.0,0.0,0.0,-0.5,0.0,-1.0,0.0,-1.0230964263999354,0.206048695596221,-1.4605814636166194,0.4882894645700333,-1.199289881659513
-1.0,0.0,0.0,1.0,1.0,0.0,-0.5,0.0,0.0,1.0,0.9002134810504943,-0.8995617016237623,0.169725854224724,0.5301695184835071,0.12006145500212394
0.0,0.0,2.0,0.0,0.0,0.0,0.5,0.0,0.0,0.0,-0.39374032853302815,0.057035220880607924,0.0,-0.2876979076889105,-0.017291809739350617
0.0,0.0,2.0,0.0,0.0,-14.118691880160718,0.0,0.0,0.0,0.0,0.19215603242346094,-0.8995617016237623,-0.01769648299037361,-0.34850786274053264,-0.0316129614829829
0.0,-1.0,0.0,0.0,0.0,0.0,-0.5,0.0,-1.0,0.0,-0.3774628046997509,0.09096713192889462,-0.1456176208188887,-0.09390539604626175,-0.13513511484287696
-1.0,-1.0,0.0,0.0,0.0,-14.118691880160718,0.0,0.0,-1.0,0.0,0.15855096941477662,-0.8995617016237623,0.13678672886130022,-0.39021070594569374,0.09340495987319329
0.0,0.0,0.0,0.0,0.0,0.0,0.0,-15.0,0.0,0.0,-0.3676851370655366,0.15505869948480308,-1.865226610205004,0.33571305140545943,-0.2611117852297677
0.0,-1.0,0.0,0.0,0.0,0.0,0.5,0.0,-1.0,0.0,-0.9501794910478529,0.08101664959160647,-1.2363683431963217,-0.547435293764265,-1.0178419565436039
0.0,0.0,0.0,1.0,1.0,0.0,0.5,0.0,0.0,0.0,0.2870145912559034,-0.8995617016237623,-0.6490941875376862,-0.2307913268532287,-0.5425812901798033
0.0,-1.0,0.0,0.0,0.0,-14.118691880160718,0.0,0.0,-1.0,0.0,0.11227370857384265,-0.8995617016237623,-0.6025710957078692,-0.44763935448936953,-0.5049317607201844
0.0,0.0,0.0,0.0,0.0,0.0,0.5,0.0,0.0,0.0,-0.26969574626160964,0.14105202811980522,0.6666529533116173,0.2951144903937001,0.5222073726636975
-1.0,-1.0,0.0,0.0,0.0,0.0,0.5,-15.0,-1.0,0.0,-0.017150245942724896,-0.8995617016237623,-0.2221093533542264,-0.6082504767122775,1.068606192107342
0.0,-1.0,0.0,0.0,0.0,0.0,0.0,0.0,-1.0,1.0,0.6310817455122454,0.18281563807093942,1.891513781505817,1.1718594853414734,1.513444885504062
0.0,0.0,1.0,0.0,1.0,0.0,0.5,-15.0,0.0,1.0,1.3676117106627317,0.07440357571398916,0.7941608890485287,1.420270472808546,1.891038556883126
0.0,0.0,1.0,0.0,0.0,0.0,0.0,0.0,0.0,1.0,0.8445188204212603,-0.8995617016237623,1.006953133437595,0.4610541682463899,0.797600540934502
0.0,0.0,3.0,0.0,0.0,0.0,0.0,0.0,0.0,0.0,0.052835818472554724,0.26122158055159744,1.8453082757156414,1.4332851748635846,1.4760523674442683
-1.0,0.0,2.0,0.0,0.0,0.0,0.5,0.0,0.0,-1.0,-1.5049006697993803,0.07775228347780987,0.6000908988005363,-0.8930400293266992,0.4683410036490381
0.0,0.0,0.0,0.0,0.0,0.0,-0.5,0.0,0.0,0.0,-0.0583620503528521,0.14521073218995603,0.7941608890485287,0.4605263841908471,0.6253951358592934
0.0,0.0,0.0,0.0,0.0,0.0,0.5,-15.0,0.0,1.0,1.2897591628789398,-0.8995617016237623,-1.2060821164511617,1.013583654214814,0.27231106049404935
0.0,-1.0,0.0,1.0,0.0,0.0,0.5,0.0,-1.0,-1.0,-1.4385400726961548,-0.8995617016237623,-2.9256911058372777,-2.372151263423825,-2.384952451940507
0.0,0.0,2.0,0.0,0.0,0.0,0.0,0.0,0.0,0.0,0.28000481052445375,-0.8995617016237623,-0.3899362056085754,-0.2394902478066178,-0.3328536970304117
0.0,-1.0,0.0,0.0,0.0,0.0,0.0,0.0,-1.0,0.0,0.0,-0.8995617016237623,-1.1761970435900493,-0.5869675522525144,-0.9691474044825118
0.0,-1.0,0.0,1.0,0.0,0.0,-0.5,0.0,-1.0,0.0,-0.009503062082144326,-0.8995617016237623,-0.3419405219029848,-0.598760558201593,-0.2940124498876314
0.0,0.0,2.0,0.0,0.0,-14.118691880160718,0.0,0.0,0.0,0.0,-0.4125707730576936,-0.8995617016237623,-0.45442859807552316,-1.0989551136330968,-0.385045160121209
0.0,0.0,2.0,1.0,0.0,0.0,0.5,-5.0,0.0,0.0,-0.9913999102886962,0.04457643375635832,-1.7095586831699592,-0.808754214776974,-1.067870770620256
-1.0,0.0,0.0,0.0,0.0,0.0,-0.5,0.0,0.0,0.0,0.25172150879183697,-0.8995617016237623,-0.9503797353916218,-0.2745889499627414,-0.7864012656702204
0.0,0.0,2.0,0.0,0.0,-14.118691880160718,-0.5,0.0,0.0,0.0,-0.21075319367216555,0.0654054760086842,0.35785894589990874,-0.09856908282736461,0.27231106049404935
0.0,0.0,0.0,0.0,0.0,0.0,0.5,-15.0,0.0,1.0,4.090461775176925,-0.8995617016237623,3.0287875957130668,4.489168921671831,3.6994446776882404
0.0,0.0,2.0,0.0,0.0,0.0,-0.5,0.0,0.0,1.0,0.3912446779467743,0.09096713192889462,0.8310492858735441,0.5258465481381597,0.6552476398171552
0.0,0.0,0.0,1.0,0.0,0.0,0.5,-15.0,0.0,0.0,-0.693866531064435,0.16886292785102897,0.0,0.27359178478098845,1.2483516112844826
0.0,0.0,0.0,1.0,0.0,0.0,0.5,0.0,0.0,0.0,-0.7352543127658319,0.04980709723907135,-0.6727204768712518,-0.5912042076297312,-0.5617012291455857
0.0,0.0,0.0,1.0,0.0,0.0,-0.5,0.0,0.0,0.0,-0.42026838433036007,0.12892212577335693,0.43184229572564947,0.11660462876205058,0.3321832271801067
0.0,0.0,0.0,0.0,0.0,-14.118691880160718,0.0,0.0,0.0,0.0,-0.32589725445847845,0.09863464871832175,0.13678672886130022,-0.011946563550548862,0.09340495987319329
0.0,0.0,1.0,0.0,0.0,0.0,-0.5,0.0,0.0,1.0,0.5183374264223592,0.02585027607772237,0.6402632955800976,0.4304543542221055,0.5008511352101196
0.0,-1.0,1.0,1.0,1.0,-14.118691880160718,0.5,0.0,-1.0,0.0,0.0720768911768481,0.11071625972063132,0.4750951860259021,0.3534381414107313,0.3671862956246973
0.0,0.0,3.0,1.0,0.0,-14.118691880160718,0.0,0.0,0.0,0.0,0.30557681987654256,-0.8995617016237623,-0.6727204768712518,-0.20775617558733686,-0.5617012291455857
0.0,0.0,1.0,0.0,0.0,0.0,-0.5,-23.0,0.0,0.0,0.15276048074319362,0.13823232716482586,0.6666529533116173,0.5656331261409943,3.179470885098254
0.0,0.0,0.0,0.0,0.0,0.0,0.0,0.0,0.0,0.0,0.02591234312975934,-0.03296924336678842,-0.3012855478539356,-0.21846952164228817,-0.2611117852297677
0.0,0.0,0.0,0.0,0.0,-14.118691880160718,-0.5,0.0,0.0,0.0,-0.27868526746040545,0.09449927582447025,0.1638294668460319,0.004721178962165297,0.11528971259232308
-1.0,0.0,0.0,0.0,0.0,0.0,0.0,0.0,0.0,0.0,-0.7371351912510674,0.19036878035439514,-0.5569879289134734,0.44541962060056556,-0.4680428800893307
0.0,0.0,1.0,0.0,0.0,0.0,0.0,0.0,0.0,0.0,-0.2940474207484276,0.07052988006411295,0.20219101886486188,-0.140723078904189,0.146334390107159
0.0,0.0,0.0,0.0,0.0,-14.118691880160718,0.5,0.0,0.0,0.0,-0.8071689709163511,-0.8995617016237623,-1.7095586831699592,-1.588639265395769,-1.4007785358667098
0.0,0.0,1.0,0.0,0.0,0.0,-0.5,0.0,0.0,0.10548970650089773,0.2664397669560666,0.05353600851412019,0.08766714525457987,0.2714213362048195,0.05365417940464054
0.0,0.0,0.0,0.0,0.0,0.0,0.0,0.0,0.0,0.0,-0.6787186663779545,0.10604001890235225,0.25002934828067996,-0.2039452628703581,0.18504829586450341
0.0,-1.0,0.0,0.0,0.0,0.0,0.0,0.0,-1.0,0.0,-0.5119837890929568,-0.8995617016237623,-1.3617500434862064,-1.2223235899605889,-1.119309030916674
0.0,0.0,2.0,0.0,0.0,0.0,0.0,0.0,0.0,1.0,0.7714975692947661,-0.8995617016237623,1.0626668286669594,0.3704370554147333,0.8426877079163363
-1.0,0.0,0.0,0.0,0.0,-6.123099467029673,-0.5,0.0,0.0,0.0,0.2999160236482528,-0.8995617016237623,-0.17062178713539178,-0.21478104851983898,-0.15537012200426745
0.0,0.0,0.0,0.0,0.0,0.0,-0.5,0.0,0.0,1.0,1.768175809043154,0.2948363818387502,2.2465851143995175,2.6806038776021466,1.8007918369265798
0.0,-1.0,0.0,0.0,0.0,0.0,0.5,0.0,-1.0,0.0,-1.114387486602525,0.020926906606822983,-2.260537846841356,-1.0354097710634955,-1.8466669202880526
0.0,0.0,3.0,0.0,1.0,0.0,-0.5,0.0,0.0,1.0,0.5646382976746831,0.04169796572059541,-0.5569879289134734,0.5197259390885723,-0.4680428800893307
0.0,0.0,2.0,0.0,0.0,-14.118691880160718,0.5,0.0,0.0,0.0,-0.022142455233272164,0.16185686228850066,1.1805995620890821,0.5945429899527797,0.9381265909869576
0.0,0.0,0.0,0.0,0.0,-14.118691880160718,-0.5,-15.0,0.0,0.0,-0.10402060281896272,0.18385256909536674,0.06942978619159988,0.7037079962209861,1.304538736382656
0.0,0.0,0.0,0.0,0.0,0.0,0.0,0.0,0.0,0.0,-0.8669504568039993,0.05606188198801525,-0.6490941875376862,-0.6515804138606816,-0.5425812901798033
0.0,-1.0,0.0,1.0,0.0,0.0,0.5,-15.0,-1.0,0.0,-0.5125216937397229,-0.8995617016237623,-1.7095586831699592,-1.2229911129804867,-0.13513511484287696
0.0,0.0,0.0,1.0,0.0,-14.118691880160718,0.5,0.0,0.0,0.0,-1.114387486602525,0.13534991885292136,-0.7207284585308342,-0.21578524750217892,-0.6005524285972723
-1.0,0.0,0.0,0.0,0.0,-3.691966053748813,0.5,0.0,0.0,0.0,-0.018944067706246022,0.1235297764039354,-0.29060308267503027,0.3853022475876778,-0.2524668355577695
0.0,0.0,1.0,0.0,0.0,0.0,0.0,0.0,0.0,0.0,-0.05442412808683147,0.1349518495481045,0.3728509612895944,0.3985103461273664,0.284443580128337
0.0,0.0,2.0,1.0,0.0,-14.118691880160718,-0.5,0.0,0.0,0.0,-0.7503695446756479,0.025335314388179864,-0.0535113621946759,-0.7307545041488434,-0.06059670475240441
0.0,0.0,0.0,0.0,0.0,0.0,0.0,0.0,0.0,0.0,0.1619464549394452,-0.8995617016237623,0.034981941270191365,-0.38599701349095694,0.011017865662803694
-1.0,-1.0,0.0,0.0,0.0,0.0,0.5,0.0,-1.0,1.0,0.6455268167188187,-0.8995617016237623,0.446352249364778,0.21411124993258626,0.3439256309092579
-1.0,-1.0,0.0,0.0,0.0,0.0,0.0,0.0,-1.0,0.0,-0.32637085104810226,-0.8995617016237623,-0.1456176208188887,-0.991983678080837,-0.13513511484287696
0.0,-1.0,0.0,1.0,0.0,0.0,-0.5,0.0,-1.0,1.0,0.6972249465131376,-0.8995617016237623,0.08645847090708549,0.2782670290857276,0.052676041050904385
0.0,0.0,1.0,0.0,0.0,0.0,0.0,0.0,0.0,1.0,2.612222164195729,-0.8995617016237623,2.52451670907347,2.6547193120854358,2.025712265682986
0.0,-1.0,0.0,0.0,1.0,0.0,0.0,0.0,-1.0,1.0,0.42675930233803283,-0.8995617016237623,0.0,-0.05737246513282188,-0.017291809739350617
0.0,0.0,0.0,0.0,0.0,0.0,0.0,0.0,0.0,0.0,-0.9009382452105127,0.14455424107832957,0.0,-0.03399728185768273,-0.017291809739350617
0.0,0.0,1.0,0.0,0.0,-14.118691880160718,-0.5,0.0,0.0,0.0,-0.47533839880584844,0.08020823312421094,0.29687442227513783,-0.22731735109735926,0.22295839435589393
0.0,-1.0,2.0,0.0,0.0,0.0,0.0,0.0,-1.0,0.0,-0.09428904380625916,-0.8995617016237623,-0.4043303959406142,-0.7039773376173222,-0.3445024175182043
0.0,0.0,0.0,1.0,0.0,-14.118691880160718,0.0,0.0,0.0,0.0,-1.0192902233421932,0.1255225539172695,-0.6325141177519275,-0.2312704991004452,-0.5291636130373443
0.0,0.0,0.0,1.0,0.0,0.0,-0.5,0.0,0.0,0.0,0.34560250527294334,-0.8995617016237623,0.08645847090708549,-0.15808553870045314,0.052676041050904385
0.0,0.0,1.0,0.0,0.0,0.0,0.5,0.0,0.0,1.0,1.0791447267205463,-0.18864598033312913,1.5373440154916962,0.805365807778828,1.2268275409812026
0.0,0.0,2.0,0.0,0.0,0.0,0.5,0.0,0.0,0.0,-0.29497434269520845,0.05351306132930981,0.10335959873445089,-0.2238500156305146,0.06635353936432019
0.0,0.0,0.0,0.0,0.0,0.0,0.0,0.0,0.0,1.0,0.6455268167188187,0.1009586139190392,1.6419012557354413,0.7917843393436782,1.311442099944167
0.0,0.0,3.0,0.0,0.0,0.0,0.5,0.0,0.0,0.0,-0.3536226899240677,-0.8995617016237623,-0.5796644013460863,-1.0258023667529281,-0.48639416508162986
0.0,0.0,0.0,0.0,0.0,0.0,0.5,-29.0,0.0,0.0,0.26505647228817303,0.13190403737355968,-0.32152146838293955,0.6145334476633331,5.932885784055414
0.0,-1.0,0.0,0.0,0.0,0.0,-0.5,0.0,-1.0,0.0,-0.2926581389764068,0.14050146237517785,-0.8199220149295624,0.2768073092144872,-0.6808263436994667
0.0,-1.0,0.0,1.0,0.0,0.0,0.0,0.0,-1.0,0.0,-0.4036944416402589,0.10958985932652933,-0.32152146838293955,0.0,-0.2774880159602233
0.0,0.0,3.0,0.0,0.0,-14.118691880160718,-0.5,0.0,0.0,1.0,4.450023719026324,-0.8995617016237623,2.3331703163455657,4.93537416648924,1.8708622467643365
0.0,0.0,3.0,1.0,0.0,0.0,-0.5,0.0,0.0,0.0,-0.3221139955078009,-0.8995617016237623,-0.28122950455346185,-0.9867010520938442,-0.24488112292024794
0.0,0.0,0.0,0.0,0.0,0.0,0.0,-15.0,0.0,0.0,0.2571336568973406,-0.8995617016237623,-1.2670666400759325,-0.2678726416556092,0.22295839435589393
0.0,0.0,1.0,0.0,0.0,0.0,-0.5,0.0,0.0,1.0,0.4503365209098642,-0.0524919161186568,0.5034765667187975,0.19526912798080182,0.39015436559757566
0.0,0.0,1.0,1.0,0.0,-14.118691880160718,0.0,0.0,0.0,1.0,0.46004922017316974,0.04224257024770122,0.5175344939084746,0.4183385807405544,0.4015309599521595
0.0,0.0,0.0,0.0,0.0,0.0,0.0,0.0,0.0,1.0,0.9868319637684569,-0.0027902693057249247,0.7056675855836614,0.8646210507604398,0.5537805654440849
0.0,0.0,0.0,0.0,0.0,0.0,0.5,0.0,0.0,0.0,0.15889087311613148,-0.8995617016237623,-0.1835393540553227,-0.389788895971441,-0.16582386222595502
-1.0,-1.0,0.0,0.0,0.0,0.0,-0.5,0.0,-1.0,0.0,-0.30370010910014206,-0.8995617016237623,-1.3464694471081298,-0.9638499889234583,-1.1069429726675473
0.0,0.0,1.0,1.0,0.0,0.0,0.5,0.0,0.0,0.0,0.24244251955752108,0.022624026587504793,0.4750951860259021,0.14728936027886114,0.3671862956246973
-1.0,-1.0,0.0,0.0,0.0,-1.6796715183903759,0.0,0.0,-1.0,0.0,0.30561763191338615,-0.8995617016237623,-0.967938297651836,-0.20770552911263954,-0.8006108029362027
0.0,0.0,2.0,0.0,0.0,-14.118691880160718,0.0,0.0,0.0,0.0,-0.43091413038991394,0.0771309554273843,0.06942978619159988,-0.21157511128437698,0.038895315358822756
0.0,-1.0,0.0,0.0,0.0,0.0,0.0,0.0,-1.0,0.0,-0.634194741312901,-0.8995617016237623,-1.905881584254055,-1.3739835995569019,-1.5596558709114645
0.0,0.0,2.0,0.0,0.0,0.0,-0.5,0.0,0.0,0.0,-0.9278511772884153,0.058321739499844295,-0.5345370967645541,-0.6805577820125212,-0.44987419797603273
0.0,0.0,2.0,0.0,0.0,0.0,0.5,0.0,0.0,1.0,2.138873044388921,-0.8995617016237623,1.725477107166883,2.0673077033197242,1.3790771464731275
-1.0,-1.0,0.0,0.0,0.0,0.0,0.0,0.0,-1.0,0.0,0.2542105262294451,-0.8995617016237623,-0.8441627971579346,-0.2715001563512353,-0.7004435705159867
0.0,0.0,2.0,0.0,0.0,0.0,-0.5,0.0,0.0,0.0,0.11262454401560844,0.0437733047283743,0.4750951860259021,0.09348793493457869,0.3671862956246973
0.0,0.0,1.0,0.0,0.0,0.0,0.0,10.0,0.0,0.0,-0.4263421708852423,0.07510839358320245,-0.08990392558952631,-0.21923718724244662,-0.6153374283014948
-1.0,0.0,0.0,1.0,0.0,0.0,0.0,0.0,0.0,0.0,-0.35942523486840766,-0.05728239803886576,-0.5123074586763879,-0.6726536571490721,-0.43188452056725934
0.0,-1.0,2.0,0.0,0.0,-14.118691880160718,-0.5,0.0,-1.0,0.0,-0.11363820849415344,-0.8995617016237623,-0.6662252737583998,-0.727989052189069,-0.5564448858690448
0.0,0.0,3.0,0.0,1.0,0.0,0.0,0.0,0.0,1.0,0.4547846212949612,0.07016527873575867,0.8553107025905863,0.5040758001582026,0.6748815654118189
0.0,0.0,0.0,1.0,0.0,-14.118691880160718,0.5,0.0,0.0,0.0,-0.47991491066194886,0.12894408769540303,0.3066317910336757,0.07991234035942718,0.23085469548451973
0.0,0.0,0.0,0.0,0.0,-14.118691880160718,-0.5,-15.0,0.0,0.0,-0.6441686309570896,0.11283507579078589,-0.794711808356575,-0.1352166683638505,0.6052188257405035
0.0,-1.0,0.0,0.0,0.0,0.0,0.0,0.0,-1.0,0.0,-1.0154870606422204,0.07566950132858424,-2.120928991264545,-0.6254584519470219,-1.7336863011131638
0.0,0.0,0.0,0.0,0.0,0.0,0.5,0.0,0.0,0.0,-0.01600061484839505,-0.04063512956950843,0.5034765667187975,-0.2797417818378153,0.39015436559757566
0.0,-1.0,0.0,0.0,0.0,0.0,0.0,0.0,-1.0,1.0,0.393562166915898,-0.8995617016237623,-0.1835393540553227,-0.09856908282736461,-0.16582386222595502
0.0,-1.0,0.0,0.0,0.0,0.0,-0.5,0.0,-1.0,1.0,0.6455268167188187,-0.8995617016237623,0.20219101886486188,0.21411124993258626,0.146334390107159
0.0,0.0,2.0,1.0,0.0,0.0,0.5,0.0,0.0,0.0,-0.2403739388559111,0.0734815450527445,-1.0324356877996745,-0.08318858394179107,-0.8528063104773277
0.0,-1.0,3.0,1.0,0.0,0.0,0.0,0.0,-1.0,0.0,0.2907459420021202,0.08524505918920307,0.3275727191547466,0.4142819399457081,0.24780146448022894
0.0,0.0,0.0,0.0,0.0,0.0,0.0,0.0,0.0,1.0,0.569265738313645,0.18080987976509058,0.7056675855836614,1.1155383087579387,0.5537805654440849
0.0,0.0,0.0,0.0,0.0,0.0,-0.5,0.0,0.0,0.0,0.24704554044776322,0.049628852333371005,0.0012451744141148535,0.23972224130836955,-0.016284133143864392
0.0,0.0,1.0,0.0,0.0,-7.830922027938549,-0.5,0.0,0.0,0.44535073826900407,0.8212841104198518,-0.8995617016237623,0.1923212852171992,0.43222061218801494,0.1383471559593172
-1.0,0.0,0.0,0.0,0.0,-5.424749642181013,0.5,0.0,0.0,1.0,1.262300784311595,-0.8995617016237623,1.7594784169469353,0.9795086561775832,1.4065932307203342
0.0,-1.0,0.0,0.0,0.0,0.0,0.0,0.0,-1.0,0.0,0.28327369129711233,0.08007300547838928,0.8310492858735441,0.386453545459557,0.6552476398171552
0.0,0.0,2.0,0.0,1.0,0.0,-0.5,0.0,0.0,1.0,1.0565153450999236,0.2510681732802813,2.982264503883252,1.8899911723815235,2.396151727204789
0.0,-1.0,0.0,1.0,0.0,0.0,0.0,-20.0,-1.0,0.0,-0.09307714168259495,-0.8995617016237623,-3.684870053615615,-0.702473404587049,-0.9933323605297834
0.0,0.0,2.0,0.0,0.0,0.0,0.5,0.0,0.0,0.0,-0.634194741312901,0.07489735035595921,-0.3625460533780044,-0.3734143471833519,-0.3106877939756317
-1.0,0.0,0.0,1.0,0.0,-14.118691880160718,-0.5,0.0,0.0,0.0,-0.6309037263591646,0.1479973226558212,0.6333551563540987,0.14572245223042965,0.4952606170164493
0.0,0.0,0.0,0.0,0.0,0.0,0.0,0.0,0.0,0.0,0.031114326773158108,0.10581835884531576,0.10335959873445089,0.2959816693375218,0.06635353936432019
0.0,0.0,0.0,0.0,0.0,0.0,0.5,0.0,0.0,0.0,-0.693866531064435,-0.8995617016237623,-1.2060821164511617,-1.4480344439530717,-0.9933323605297834
-1.0,-1.0,0.0,0.0,0.0,0.0,0.5,0.0,-1.0,0.0,-0.634194741312901,-0.8995617016237623,-1.4605814636166194,-1.3739835995569019,-1.199289881659513
0.0,0.0,0.0,0.0,0.0,0.0,-0.5,0.0,0.0,0.0,-0.6703039301243018,0.15187142527526631,0.017558765773931097,0.1438356280980083,-0.0030821077767551066
0.0,-1.0,1.0,0.0,0.0,-10.604620595637735,0.5,-15.0,-0.7511050376089813,0.0,-0.41010633285628495,0.08478947787334218,-0.19117206856569074,-0.15160392773852546,1.0936426668822221
0.0,0.0,2.0,0.0,0.0,0.0,0.5,0.0,0.0,0.0,-0.23591464356995054,0.08794682392925647,0.3275727191547466,-0.004769188288071702,0.24780146448022894
0.0,0.0,0.0,1.0,0.0,-14.118691880160718,0.0,0.0,0.0,0.0,-0.4382988758473501,0.12134699942465552,-0.07832263175176005,0.05988436683693262,-0.08067560723672455
0.0,0.0,0.0,0.0,0.0,0.0,-0.5,-5.0,0.0,1.0,0.9387919370020947,0.2706215260566233,0.7056675855836614,1.9550614737976744,0.8866883306905391
0.0,0.0,1.0,0.0,0.0,0.0,0.0,0.0,0.0,0.0,-0.041503743066635713,-0.8995617016237623,-0.2221093533542264,-0.638472412966149,-0.1970372289164908
0.0,0.0,1.0,0.0,0.0,0.0,0.5,0.0,0.0,0.0,-0.46982114946086506,0.24931807954798346,1.1807866303668069,1.4223029893663794,0.9382779788753414
0.0,-1.0,0.0,0.0,0.0,0.0,0.5,0.0,-1.0,0.0,-0.6255330052027663,-0.8995617016237623,-1.1940637800564806,-1.3632346531022537,-0.9836063364769889
0.0,0.0,3.0,0.0,0.0,-14.118691880160718,0.0,0.0,0.0,1.0,0.5225836337977637,0.3100956833193629,3.051694290074852,2.083561265731306,2.452338852302962
0.0,-1.0,0.0,0.0,0.0,0.0,0.5,0.0,-1.0,0.0,-0.28159116476740437,0.13459698091640576,0.5175344939084746,0.2437979005524846,0.4015309599521595
0.0,0.0,0.0,1.0,0.0,-14.105295117747387,0.5,0.0,0.0,0.9990511328863154,1.0018971666417347,-0.8995617016237623,-0.4678890390241641,0.6563558254586959,-0.39593822952186664
0.0,0.0,0.0,0.0,0.0,0.0,0.5,0.0,0.0,0.0,-0.7579861795086492,0.05031873877222839,-0.4684946254486061,-0.6053982846370879,-0.3964283096741226
0.0,0.0,3.0,0.0,0.0,0.0,0.5,0.0,0.0,1.0,0.4503365209098642,-0.8995617016237623,-0.6965967844902854,-0.028113866538294473,-0.5810234992642196
0.0,-1.0,0.0,0.0,0.0,-14.118691880160718,-0.5,0.0,-1.0,1.0,0.7128963731492942,0.18833075587051712,1.1062679924903072,1.263308585083183,0.8779726220799471
0.0,0.0,0.0,0.0,1.0,0.0,0.0,0.0,0.0,1.0,0.5191345304288935,0.1904842766300371,-1.3617500434862064,1.1394755169412334,-1.119309030916674
0.0,0.0,1.0,0.0,0.0,0.0,0.5,0.0,0.0,0.0,-0.17743661122334728,0.06840077248282725,0.8432126038202361,-0.05702135823419394,0.6650909924265609
0.0,-1.0,0.0,0.0,0.0,0.0,0.5,0.0,-1.0,0.0,0.36432607513163356,-0.8995617016237623,-0.0535113621946759,-0.13485016795122837,-0.06059670475240441
0.0,0.0,0.0,1.0,0.0,0.0,0.5,0.0,0.0,0.0,-0.5864526514463225,0.10703282476128266,-0.1456176208188887,-0.13815134044756522,-0.13513511484287696
-1.0,-1.0,1.0,0.0,0.0,0.0,0.0,0.0,-1.0,0.0,0.29570630599385433,-0.8995617016237623,-1.0324356877996745,-0.22000517784922038,-0.8528063104773277
0.0,-1.0,0.0,1.0,0.0,-14.118691880160718,-0.5,0.0,-1.0,1.0,0.6564490782034719,-0.8995617016237623,-0.24164445386986266,0.22766543841967674,-0.21284631024432982
0.0,0.0,0.0,0.0,0.0,-14.118691880160718,0.5,0.0,0.0,0.0,-0.2889598299546863,0.08977999514227447,-0.4684946254486061,-0.03503751534854345,-0.3964283096741226
0.0,0.0,0.0,0.0,0.0,0.0,-0.5,0.0,0.0,1.0,0.6032615928929201,-0.8995617016237623,0.169725854224724,0.16166141516253996,0.12006145500212394
0.0,0.0,0.0,0.0,0.0,0.0,0.5,-5.0,0.0,0.0,-0.3613645464113626,0.13964984507526754,-0.6727204768712518,0.22796549528681084,-0.22879346389913158
0.0,-1.0,0.0,0.0,0.0,0.0,0.0,0.0,-1.0,0.0,-0.3818841835536811,0.12887571012854104,0.26575268727569795,0.14069015516471967,0.1977726504035772
0.0,0.0,1.0,0.0,0.0,0.0,0.5,0.0,0.0,-0.46399622976889265,-1.1267837330431476,0.09514965229765178,-0.15865911296819266,-0.3915181775114488,-0.1456891434673874
0.0,0.0,3.0,0.0,1.0,0.0,0.0,0.0,0.0,1.0,1.412407654881248,-0.8995617016237623,1.5989230036212616,1.1657866371403316,1.2766612866866365
0.0,0.0,0.0,0.0,0.0,0.0,0.0,0.0,0.0,1.0,1.9731790904462845,-0.8995617016237623,-0.6490941875376862,1.8616866342704783,-0.5425812901798033
0.0,0.0,3.0,0.0,0.0,0.0,-0.5,0.0,0.0,1.0,1.984920164502075,-0.8995617016237623,1.9218000082509792,1.8762569438182473,1.537954481517883
0.0,-1.0,0.0,0.0,0.0,0.0,0.5,0.0,-1.0,0.0,-0.16779936994080794,-0.8995617016237623,-0.6036232880799257,-0.795201377398385,-0.5057832636223084
0.0,0.0,1.0,0.0,0.0,0.0,0.0,0.0,0.0,1.0,1.757753035944952,0.3062307891684471,2.2631528781087376,2.7143464881844563,1.8141995551868382
0.0,0.0,0.0,0.0,0.0,0.0,0.5,0.0,0.0,0.0,-1.1070969185663144,0.07685385070021916,-0.794711808356575,-0.6741330595304622,-0.6604245952833292
0.0,0.0,0.0,1.0,0.0,-14.118691880160718,0.0,0.0,0.0,0.0,-0.5768636339848009,0.0798021262016114,-0.2221093533542264,-0.30331344560677004,-0.1970372289164908
0.0,0.0,2.0,0.0,0.0,0.0,-0.5,0.0,0.0,1.0,1.1256610906045652,0.14525165269124718,0.5729063529103974,1.3942730522300486,0.4463414906957491
0.0,0.0,2.0,0.0,0.0,0.0,0.0,0.0,0.0,0.0,0.0561210746312497,0.0659346746483502,-0.2221093533542264,0.1293210761145145,-0.1970372289164908
-1.0,-1.0,0.0,0.0,0.0,-14.118691880160718,0.0,0.0,-0.8468847122018989,-0.8468847122018989,-1.2193604872738697,0.07612060405834765,-0.39427894533057284,-0.7389249267691785,-0.3363681261164432
-1.0,0.0,0.0,0.0,1.0,-12.73048942163699,-0.5,0.0,0.0,1.0,0.6042617225269471,-0.8995617016237623,-0.360501636261122,0.16290254508697669,-0.309033317898432
-1.0,-1.0,0.0,0.0,0.0,0.0,-0.5,0.0,-0.3352737075645622,0.0,0.1079794802671098,-0.8995617016237623,-0.5914642687731558,-0.45296835892291476,-0.495943389753545
0.0,-1.0,0.0,1.0,0.0,0.0,0.0,0.0,-1.0,0.0,-0.5222379796982902,0.1285968666647483,-0.6490941875376862,0.05098838925947627,-0.5425812901798033
0.0,0.0,3.0,1.0,0.0,0.0,-0.5,0.0,0.0,0.0,-0.5506755786960253,0.05573580461663611,0.6797329320579433,-0.41826928970623667,0.5327925471603187
0.0,-1.0,0.0,0.0,0.0,0.0,-0.5,0.0,-1.0,0.0,0.15459786668473507,0.06287997618056733,0.36745036320612723,0.2043316507022716,0.28007306285087724
0.0,0.0,1.0,1.0,0.0,0.0,0.5,0.0,0.0,0.0,-0.14235447733639978,0.006246272345539361,0.12013506645680921,-0.2745889499627414,0.07992934530005126
-1.0,-1.0,0.0,0.0,1.0,0.0,0.5,0.0,-1.0,0.0,-0.1578895845963689,-0.8995617016237623,-0.10832272187316215,-0.7829036404678176,-0.10495364277547853
0.0,-1.0,0.0,0.0,0.0,0.0,0.0,0.0,-1.0,0.0,0.10064864587749038,-0.8995617016237623,-0.10832272187316215,-0.4620656975303233,-0.10495364277547853
0.0,-1.0,0.0,0.0,0.0,-14.118691880160718,-0.5,0.0,-1.0,1.0,0.7625297137984528,-0.8995617016237623,-0.4469031686728243,0.3593082242754299,-0.37895509033329366
0.0,0.0,0.0,0.0,0.0,0.0,0.5,0.0,0.0,0.0,-0.7352543127658319,0.1102347148196467,0.13678672886130022,-0.20966463845259475,0.09340495987319329
-1.0,-1.0,0.0,1.0,1.0,0.0,0.5,0.0,-1.0,1.0,2.264768156174414,-0.8995617016237623,-0.0535113621946759,2.2235396409218016,-0.06059670475240441
0.0,0.0,0.0,0.0,0.0,0.0,-0.5,0.0,0.0,1.0,2.453395412253214,-0.8995617016237623,0.0,2.4576202281964377,-0.017291809739350617
-1.0,0.0,0.0,0.0,0.0,0.0,0.0,0.0,0.0,0.0,-0.09105953492874762,-0.8995617016237623,-0.38334150026198827,-0.699969617045165,-0.32751683003687543
0.0,-1.0,0.0,0.0,0.0,-1.0312929299314564,0.5,10.0,-0.9269554900209553,0.0,-0.3368735274225305,-0.8293228035845538,-1.2732997028782556,-0.9464922544398164,-1.5730187092963759
-1.0,-1.0,1.0,1.0,0.0,0.0,-0.5,0.0,-1.0,0.0,0.2590390525976222,-0.8995617016237623,-1.0324356877996745,-0.2655081045585623,-0.8528063104773277
0.0,0.0,2.0,1.0,0.0,0.0,-0.5,0.0,0.0,0.0,-0.7682038243341673,-0.8995617016237623,-0.28122950455346185,-1.5402847243564322,-0.24488112292024794
0.0,-1.0,0.0,0.0,0.0,0.0,0.5,10.0,-1.0,0.0,-0.041503743066635713,-0.8995617016237623,-0.28122950455346185,-0.638472412966149,-0.7701706033607002
0.0,0.0,1.0,0.0,0.0,0.0,0.5,0.0,0.0,1.0,2.278225152122797,-0.8995617016237623,3.074370762507463,2.2402393564349934,2.470690137295261
0.0,0.0,2.0,0.0,1.0,0.0,-0.5,0.0,0.0,1.0,2.210250824231212,-0.8995617016237623,2.5708941957886653,2.1558853191488137,2.063243961958335
0.0,0.0,0.0,0.0,0.0,0.0,0.5,0.0,0.0,0.0,-0.31834050296734384,0.02989793322036412,-1.0604644956322729,-0.34727147024502164,-0.8754890554262574
0.0,0.0,3.0,1.0,1.0,0.0,0.5,-25.0,0.0,1.0,0.891591949784928,-0.8995617016237623,-0.0535113621946759,0.5194704649967337,3.2110440778786415
0.0,0.0,3.0,0.0,0.0,0.0,-0.5,-15.0,0.0,1.0,0.7437440195486237,-0.8995617016237623,0.4607694870122388,0.33599575907938883,1.6212364238162849
0.0,0.0,0.0,0.0,1.0,0.0,-0.5,0.0,0.0,-1.0,-2.5502875658713675,0.2118793195771746,0.6135613269594485,0.2050185302120857,0.47924215535361275
0.0,0.0,0.0,0.0,0.0,0.0,0.5,0.0,0.0,1.0,1.5508232398357946,-0.8995617016237623,0.13678672886130022,1.3375560944693778,0.09340495987319329
0.0,0.0,0.0,0.0,0.0,-9.727064074013649,-0.5,0.0,0.0,0.0,-0.1789805425151285,0.06961596892992554,0.38835542540477835,-0.040044432110344044,0.29699080679580697
0.0,0.0,0.0,0.0,0.0,0.0,-0.5,0.0,0.0,-1.0,-1.9374935179164534,0.21677740193301126,1.1805995620890821,0.36627174064287776,0.9381265909869576
0.0,0.0,0.0,0.0,0.0,0.0,0.5,0.0,0.0,1.0,0.5822978233944414,-0.8995617016237623,1.5551101703934798,0.1356460259886446,1.2412050757935
0.0,-1.0,0.0,0.0,0.0,0.0,0.5,0.0,-1.0,1.0,1.165972434527549,-0.8995617016237623,1.1170378936782461,0.8599681552055165,0.8866883306905391
0.0,-1.0,0.0,0.0,0.0,0.0,-0.5,0.0,-0.17875940024457004,0.0,-0.28649287779939586,0.06742988615417597,-1.8262800017600715,-0.034028928311195195,-1.4952370628042444
0.0,0.0,1.0,0.0,0.0,0.0,0.5,0.0,0.0,0.0,-0.8117833111754581,0.03931120716505759,-0.9236777667709727,-0.7064866668127459,-0.7647922858137131
-1.0,-1.0,0.0,0.0,0.0,0.0,-0.5,0.0,-1.0,0.0,-0.06428889667132602,-0.8995617016237623,-0.7207284585308342,-0.666748083448789,-0.6005524285972723
0.0,0.0,0.0,0.0,0.0,-14.118691880160718,0.0,0.0,0.0,0.0,-0.3250121062863218,0.03249184550109609,-0.10974075687680516,-0.33860590822460035,-0.10610120946858966
0.0,-1.0,0.0,0.0,0.0,0.0,-0.5,0.0,-1.0,1.0,1.3184813268491447,-0.8995617016237623,0.8553107025905863,1.0492269708261484,0.6748815654118189
-1.0,-1.0,1.0,0.0,0.0,0.0,-0.5,0.0,-1.0,0.0,-0.01753365731832314,-0.8995617016237623,-0.3012855478539356,-0.6087262783638178,-0.2611117852297677
0.0,-1.0,0.0,0.0,0.0,0.0,0.5,0.0,-1.0,1.0,0.6082684683518765,-0.8995617016237623,0.0,0.16787479265743313,-0.017291809739350617
0.0,-1.0,0.0,0.0,0.0,0.0,-0.5,0.0,-1.0,1.0,1.0307766238132625,0.17618941177153039,1.9872673619471661,1.4488981817861606,1.5909349470175602
0.0,-1.0,0.0,0.0,0.0,-14.118691880160718,0.0,0.0,-1.0,0.0,-0.3740331765041473,-0.8995617016237623,-0.8454170886217822,-1.0511311489477464,-0.7014586252245582
-1.0,-1.0,0.0,0.0,0.0,0.0,0.0,0.0,-1.0,0.0,0.09534621518205136,-0.8995617016237623,-0.2655939729338448,-0.46864584992703157,-0.23222782785372523
0.0,0.0,2.0,0.0,0.0,0.0,0.0,0.0,0.0,0.0,-0.23903472129902414,-0.0979989960795278,0.12013506645680921,-0.6336415345155361,0.07992934530005126
0.0,0.0,0.0,0.0,0.0,-14.118691880160718,-0.5,0.0,0.0,0.0,-0.10239417053868562,0.0954897787687367,-0.16449881899263538,0.13816984383730221,-0.1504150156172238
0.0,0.0,0.0,0.0,0.0,-4.454689615159618,-0.5,0.0,0.0,0.0,-0.16880553323779474,0.09724021300077675,0.03032819026767155,0.09692404595803805,0.007251745902146925
0.0,0.0,0.0,0.0,0.0,0.0,0.0,0.0,0.0,1.0,1.943707808039453,-0.8995617016237623,2.7653360713241364,1.825113684862542,2.220599048072034
-1.0,-1.0,0.0,0.0,0.0,0.0,0.0,-1.0,-1.0,0.0,0.17312070995048873,0.08800211169183171,-0.07368334816193182,0.3286850851627379,-0.03460402242051284
-1.0,0.0,0.0,0.0,0.0,0.0,0.0,0.0,0.0,0.0,-0.288498198540431,0.10284500561099631,0.4172384258753525,0.03970688431744175,0.3203648203088583
0.0,0.0,0.0,0.0,0.0,0.0,0.0,10.0,0.0,0.0,0.30649877251580554,-0.8995617016237623,0.4750951860259021,-0.2066120608940291,-0.15810318481575494
0.0,0.0,0.0,0.0,0.0,0.0,-0.5,-15.0,0.0,0.0,0.00037884044817476664,0.1505820950769361,0.23419566916216603,0.5344822111468459,1.4378780679028529
-1.0,-1.0,0.0,0.0,0.0,-14.118691880160718,0.0,0.0,-1.0,0.0,-0.8628424750995929,-0.8995617016237623,-0.5796644013460863,-1.6577283611381464,-0.48639416508162986
0.0,0.0,0.0,0.0,0.0,0.0,0.0,0.0,0.0,1.0,2.1411516977904785,-0.8995617016237623,-0.3419405219029848,2.0701354416727074,-0.2940124498876314
0.0,0.0,2.0,0.0,0.0,0.0,0.0,0.0,0.0,0.0,0.01582736426146306,-0.8995617016237623,-0.794711808356575,-0.5673262830194767,-0.6604245952833292
-1.0,-1.0,1.0,0.0,0.0,0.0,0.0,0.0,-1.0,0.0,-0.12533056945256565,-0.8995617016237623,-0.3012855478539356,-0.7424989102905343,-0.2611117852297677
0.0,0.0,2.0,0.0,0.0,-9.659656001979895,0.0,0.0,0.0,0.0,0.20925265520493408,-0.8995617016237623,-0.18801820447692105,-0.3272914829643867,-0.16944844099449474
0.0,0.0,2.0,0.0,0.0,0.0,0.5,-15.0,0.0,1.0,1.6288344001970112,-0.8995617016237623,0.8553107025905863,1.4343655302367133,1.9405249864356524
-1.0,0.0,1.0,0.0,0.0,0.0,0.0,0.0,0.0,1.0,1.658738770503174,-0.8995617016237623,3.0562478537089928,1.4714759283247845,2.4560238938908467
0.0,-1.0,1.0,0.0,0.0,0.0,0.0,0.0,-1.0,1.0,1.5643992089639835,-0.8995617016237623,0.9613699666431992,1.3544034520168005,0.7607116603036483
0.0,0.0,0.0,0.0,0.0,-13.287935638185566,-0.5,0.0,0.0,0.0,-0.1081031565868531,0.09564025308823276,-0.14775071095105197,0.134624190276404,-0.13686135092505092
0.0,0.0,0.0,0.0,0.0,0.0,0.0,0.0,0.0,1.0,1.124014676272125,-0.8995617016237623,0.5343615583885544,0.8078998756931759,0.41514852135971286
0.0,0.0,0.0,0.0,0.0,0.0,-0.5,0.0,0.0,1.0,2.3855730023193655,0.21114314368622417,3.370008522644273,2.8026011888857782,2.7099395534854605
-1.0,-1.0,0.0,0.0,0.0,0.0,-0.5,0.0,-1.0,0.0,-0.17700888456013386,-0.8995617016237623,0.12013506645680921,-0.8066301000306306,0.07992934530005126
0.0,0.0,0.0,0.0,1.0,0.0,0.5,0.0,0.0,1.0,2.0901819875259187,-0.8995617016237623,1.5989230036212616,2.0068836086133217,1.2766612866866365
-1.0,-1.0,0.0,0.0,0.0,-14.118691880160718,0.5,0.0,-1.0,0.0,-0.693866531064435,0.07650663461590712,-0.4684946254486061,-0.40588703148435934,-0.3964283096741226
0.0,0.0,1.0,0.0,0.0,-14.118691880160718,0.5,0.0,0.0,1.0,0.9221524188556077,0.06210640798818444,-0.3419405219029848,0.9328157656223084,-0.2940124498876314
-1.0,-1.0,0.0,0.0,0.0,0.0,0.0,0.0,-1.0,0.0,-0.40869703331650137,-0.8995617016237623,-0.9503797353916218,-1.0941479224963686,-0.7864012656702204
0.0,0.0,1.0,1.0,0.0,0.0,-0.5,0.0,0.0,0.0,-0.9913999102886962,0.11124921970987443,0.05227160453144123,-0.3509831787299575,0.025009792267392614
0.0,0.0,1.0,0.0,0.0,0.0,0.5,0.0,0.0,1.0,0.5574108126855652,-0.8995617016237623,-2.4093581509728534,0.1047620158866781,-1.9671020462483908
0.0,0.0,0.0,0.0,0.0,0.0,-0.5,0.0,0.0,0.0,-0.5628754328744898,0.23334378467713404,0.8553107025905863,0.9242514804901966,0.6748815654118189
0.0,0.0,2.0,0.0,0.0,0.0,0.0,0.0,0.0,1.0,0.43212562299368285,-0.8995617016237623,0.43184229572564947,-0.0507130272727186,0.3321832271801067
0.0,0.0,0.0,0.0,0.0,0.0,-0.5,0.0,0.0,0.0,-0.47638775697086566,0.08673156802546006,-0.3419405219029848,-0.19029188954948525,-0.2940124498876314
0.0,-1.0,0.0,0.0,0.0,0.0,0.0,0.0,-1.0,0.0,-0.9171683828883007,0.09857601235144833,0.10335959873445089,-0.4033357036571642,0.06635353936432019
0.0,0.0,1.0,0.0,0.0,0.0,0.0,0.0,0.0,0.0,-0.3080133473140014,0.11884091563785291,0.6402632955800976,0.12360970386974783,0.5008511352101196
0.0,0.0,2.0,0.0,0.0,-14.118691880160718,0.0,0.0,0.0,0.0,0.3295347293058523,-0.8995617016237623,-0.9591028653000807,-0.17802515142006298,-0.7934605930612288
0.0,0.0,0.0,0.0,0.0,0.0,-0.5,0.0,0.0,0.0,-0.13173593752598348,0.04188643974808573,-1.7515831633900292,-0.1305380378839485,-1.4347874945115586
0.0,-1.0,0.0,1.0,0.0,0.0,-0.5,0.0,-1.0,1.0,0.9387919370020947,-0.8995617016237623,-0.1456176208188887,0.5780441884173516,-0.13513511484287696
0.0,0.0,2.0,1.0,0.0,0.0,0.5,0.0,0.0,0.0,-0.20333198924808515,0.13199470942116295,0.26575268727569795,0.2782670290857276,0.1977726504035772
0.0,0.0,2.0,1.0,0.0,-7.789677138523421,-0.5,0.0,0.0,0.0,-0.0546090255825561,0.0631892881637996,-0.15835655851366995,0.034792840026936944,-0.14544429660960767
0.0,-1.0,0.0,1.0,0.0,0.0,-0.5,0.0,-1.0,1.0,0.9370516696940199,-0.8995617016237623,-0.1439457266805423,0.5758845705447424,-0.13378210873044324
0.0,0.0,2.0,1.0,0.0,0.0,0.5,-15.0,0.0,0.0,0.15446594804795588,0.1491210650118071,0.08645847090708549,0.6311856727967308,1.3183194620747372
0.0,-1.0,1.0,0.0,0.0,0.0,0.0,0.0,-1.0,1.0,3.3328253361099103,-0.8995617016237623,0.3877440187610211,3.5489655476515742,0.2964960165413211
0.0,0.0,1.0,0.0,0.0,0.0,-0.5,0.0,0.0,0.0,-1.1290786239423458,0.09991798283343628,-0.4043303959406142,-0.5150620432616031,-0.3445024175182043
-1.0,0.0,0.0,1.0,0.0,-14.118691880160718,0.0,0.0,0.0,0.0,-0.993293717767795,0.1569535368118243,0.8461447677909193,0.039518239645766264,0.6674638913344527
0.0,0.0,3.0,0.0,0.0,0.0,-0.5,-15.0,0.0,0.0,0.09106798086100967,-0.8995617016237623,-2.624405557983342,-0.473955006319306,-0.8754890554262574
0.0,0.0,3.0,0.0,0.0,0.0,0.5,0.0,0.0,1.0,0.5713176858147915,-0.8995617016237623,0.0,0.12202001505877655,-0.017291809739350617
0.0,-1.0,0.0,1.0,0.0,-14.118691880160718,0.5,10.0,-1.0,0.0,-0.7352543127658319,0.04413086547033578,-0.5123074586763879,-0.6220996475215244,-0.9571740010077118
0.0,-1.0,0.0,0.0,0.0,0.0,-0.5,0.0,-1.0,0.0,0.052835818472554724,0.11460923124782199,0.20219101886486188,0.3593082242754299,0.146334390107159
0.0,0.0,2.0,1.0,0.0,0.0,0.5,-15.0,0.0,0.0,0.020964897043288466,-0.8575638072101786,0.008628311826798536,-0.5158794496788818,1.2553342056807921
0.0,0.0,0.0,0.0,0.0,0.0,-0.5,0.0,0.0,0.0,-0.19941831659937753,0.09804708793537076,0.12013506645680921,0.0779115061796522,0.07992934530005126
0.0,0.0,2.0,0.0,0.0,0.0,0.5,0.0,0.0,0.631702174743682,0.3810496389190438,-0.8995617016237623,-0.4019745882487044,-0.11409674284151647,-0.3425959438164528
0.0,0.0,0.0,0.0,0.0,0.0,0.0,0.0,0.0,0.0,0.33750411413736986,-0.028203423909376354,-0.0535113621946759,0.11788029251793265,-0.06059670475240441
0.0,0.0,0.0,1.0,0.0,0.0,-0.5,0.0,0.0,0.0,0.15855096941477662,0.08660298102407746,0.9382283277281872,0.3066429294889626,0.7419839321624964
0.0,0.0,0.0,0.0,0.0,-14.118691880160718,-0.5,-15.0,0.0,0.0,-0.30117345278375174,0.1236322433165948,-0.08650616830141164,0.18919000471380382,1.1783451606423643
-1.0,-1.0,0.0,0.0,0.0,-7.325926968770172,0.5,10.0,-1.0,0.5188814254856293,0.09651432518533631,-0.8995617016237623,-0.5100296233889746,-0.4671962615628978,-0.9553306276766507
0.0,0.0,0.0,0.0,1.0,0.0,0.0,0.0,0.0,1.0,3.3871439571446156,0.19777901223845423,-0.1456176208188887,3.824115815402791,-0.13513511484287696
0.0,0.0,3.0,0.0,0.0,-14.118691880160718,-0.5,0.0,0.0,0.0,-0.184727179259558,0.11460923124782199,-0.08990392558952631,0.1836232417443339,-0.09004794786104263
-1.0,0.0,0.0,1.0,0.0,0.0,0.0,0.0,0.0,0.0,-1.0139699293580369,0.060306704583127,-0.5569879289134734,-0.7266872518034255,-0.4680428800893307
-1.0,-1.0,0.0,0.0,0.0,0.0,-0.5,0.0,-1.0,0.0,-0.17302882733111993,-0.8995617016237623,0.11475172124977176,-0.8016909721817632,0.07557279017888459
0.0,0.0,2.0,1.0,0.0,0.0,-0.5,0.0,0.0,0.0,0.2735651539066249,-0.8995617016237623,-0.3419405219029848,-0.24748166237885036,-0.2940124498876314
0.0,0.0,2.0,0.0,0.0,0.0,0.5,0.0,0.0,0.5213360900213351,0.35266645530801305,-0.8995617016237623,-0.6297710638122428,-0.14931939531766947,-0.5269437543381567
0.0,-1.0,0.0,0.0,0.0,0.0,0.5,0.0,-1.0,0.0,-0.10809461844690946,-0.8995617016237623,-0.6490941875376862,-0.7211096285000206,-0.5425812901798033
0.0,0.0,3.0,0.0,0.0,0.0,0.0,0.0,0.0,0.0,0.17275930765483416,-0.2194650730480705,-0.071634270993148,-0.29528868672848313,-0.07526294815681962
-1.0,0.0,0.0,0.0,1.0,-14.118691880160718,-0.5,0.0,0.0,1.0,0.5183374264223592,-0.8995617016237623,-0.4469031686728243,0.05627315275292701,-0.37895509033329366
0.0,0.0,2.0,0.0,0.0,0.0,0.5,0.0,0.0,0.0,0.2474708637567657,-0.8995617016237623,-0.5079754033635745,-0.27986386890494264,-0.4283787380041172
0.0,-1.0,0.0,0.0,1.0,0.0,0.0,-15.0,-1.0,1.0,0.8603788949374025,-0.8995617016237623,0.7056675855836614,0.4807360298931879,1.819423986467918
-1.0,-1.0,0.0,0.0,1.0,0.0,0.0,0.0,-1.0,1.0,2.0570745234408268,-0.8995617016237623,-1.905881584254055,1.9657982702729564,-1.5596558709114645
0.0,0.0,1.0,0.0,0.0,-10.832884982745888,0.5,0.0,0.0,1.0,1.4549238209679454,-0.8995617016237623,1.928931846245378,1.2185478834900236,1.5437260313893655
0.0,-1.0,0.0,0.0,0.0,0.0,0.5,0.0,-1.0,1.0,0.4961100609902163,-0.8995617016237623,0.6135613269594485,0.028689680130336393,0.47924215535361275
-1.0,-1.0,0.0,0.0,0.0,-14.118691880160718,0.0,0.0,-1.0,-1.0,-1.3808970908498908,0.07205010381440251,-0.49029469856357705,-0.8703613545419796,-0.41407035500435035
-1.0,-1.0,0.0,0.0,0.0,0.0,-0.5,0.0,-1.0,1.0,0.9120364209661843,-0.8995617016237623,-0.1456176208188887,0.5448414210298779,-0.13513511484287696
0.0,0.0,0.0,0.0,0.0,0.0,0.0,0.0,0.0,0.0,-0.693866531064435,0.09608902018173542,-0.24164445386986266,-0.2809329784130291,-0.21284631024432982
0.0,0.0,0.0,0.0,0.0,0.0,0.5,0.0,0.0,0.0,-0.5768636339848009,0.1582065031299202,-0.24164445386986266,0.24409530096074228,-0.21284631024432982
0.0,0.0,3.0,1.0,0.0,0.0,-0.5,-15.0,0.0,0.0,-0.13319505433295403,-0.8995617016237623,-1.0324356877996745,-0.7522584926419033,0.4128371105465054
0.0,-1.0,0.0,0.0,0.0,0.0,0.0,10.0,-1.0,0.0,-0.48268277835930284,-0.8995617016237623,-0.5550554719419346,-1.1859619424296042,-0.9917684899266518
-1.0,-1.0,0.0,0.0,0.0,0.0,-0.5,0.0,-1.0,0.0,-0.63010754431107,-0.8995617016237623,-1.865226610205004,-1.3689115145656636,-1.5267552062536005
0.0,-1.0,3.0,0.0,0.0,0.0,-0.5,0.0,-1.0,1.0,1.2650929297515079,-0.8995617016237623,0.8310492858735441,0.9829736222589323,0.6552476398171552
0.0,-1.0,0.0,0.0,0.0,0.0,0.0,0.0,-1.0,1.0,1.5812524039641427,-0.8995617016237623,-0.376932726564378,1.3753177454497871,-0.32233043109738035
0.0,0.0,2.0,0.0,0.0,0.0,0.5,0.0,0.0,0.0,-0.33254161072165506,0.26704210500599856,1.006953133437595,1.3429188571605504,0.797600540934502
-1.0,-1.0,0.0,1.0,0.0,0.0,-0.5,0.0,-1.0,0.0,-0.8124436933240717,-0.8995617016237623,-1.4945112761594705,-1.5951850326649177,-1.2267481056650102
0.0,0.0,1.0,0.0,0.0,-14.118691880160718,0.0,-5.0,0.0,1.0,1.1198608132392027,-0.8995617016237623,0.3877440187610211,0.8027450602204921,0.6294037817877752
0.0,-1.0,0.0,1.0,0.0,0.0,0.5,0.0,-1.0,0.0,-0.9603761353118007,-0.8995617016237623,0.0,-1.778764615050363,-0.017291809739350617
-1.0,0.0,0.0,0.0,0.0,0.0,0.0,0.0,0.0,0.0,-0.6799247356386967,-0.09250487507833202,0.034981941270191365,-1.0873202218276257,0.011017865662803694
0.0,0.0,0.0,0.0,1.0,0.0,0.0,0.0,0.0,1.0,1.3264540028727603,-0.8995617016237623,0.9030646547503629,1.05912081503803,0.7135271875735966
0.0,0.0,0.0,1.0,0.0,-14.118691880160718,-0.5,0.0,0.0,0.0,-0.4310740618971092,0.10212665408501381,-0.021898692860478495,-0.06303951614335562,-0.03501366461936901
0.0,0.0,2.0,0.0,0.0,0.0,0.0,0.0,0.0,1.0,1.0660477722569102,-0.8995617016237623,1.006953133437595,0.7359647417340333,0.797600540934502
0.0,-1.0,2.0,0.0,0.0,-14.118691880160718,-0.5,0.0,-1.0,0.0,-0.106056191312652,-0.8995617016237623,-0.3419405219029848,-0.7185800035103839,-0.2940124498876314
0.0,-1.0,0.0,0.0,0.0,0.0,0.5,0.0,-1.0,0.0,0.11227370857384265,0.2518614836184158,0.8188200417624102,1.3746072511685985,0.6453509354425769
0.0,0.0,0.0,0.0,0.0,0.0,-0.5,0.0,0.0,0.0,-0.14360794821020154,0.08334613413352991,-0.2221093533542264,0.043364466281957934,-0.1970372289164908
0.0,-1.0,0.0,0.0,1.0,0.0,0.5,-15.0,-1.0,1.0,0.6576576403732655,0.1858719683920664,-0.1456176208188887,1.208924278913424,1.1305083061809558
-1.0,-1.0,0.0,0.0,0.0,0.0,-0.5,10.0,-1.0,0.0,0.37901721247145564,0.11671684982774382,0.3728509612895944,0.6287817580716063,-0.24084590031211525
0.0,0.0,0.0,0.0,0.0,0.0,-0.5,0.0,0.0,0.0,0.02616667065461327,-0.003936836994582618,-1.379809467785682,-0.1172677995135475,-1.1339238985113316
-1.0,-1.0,1.0,0.0,0.0,0.0,0.5,0.0,-1.0,0.0,-0.5768636339848009,-0.8995617016237623,0.5034765667187975,-1.3028374696102278,0.39015436559757566
0.0,-1.0,0.0,0.0,0.0,0.0,0.5,0.0,-0.36989729777208413,0.0,-0.051877777476613554,0.14759621022407782,0.6940816335499371,0.4994088187286596,0.5444044551028578
0.0,-1.0,0.0,0.0,0.0,0.0,-0.5,0.0,-1.0,0.0,-0.4514087649014495,0.07608874380761349,-0.03553286057823766,-0.2327241920186323,-0.04604732508683948
-1.0,-1.0,0.0,0.0,1.0,0.0,0.5,0.0,-1.0,0.0,-0.634194741312901,-0.8995617016237623,-0.7207284585308342,-1.3739835995569019,-0.6005524285972723
0.0,0.0,1.0,0.0,1.0,-5.111179080147491,-0.5,0.0,0.0,1.0,1.1749869817625183,-0.8995617016237623,0.2755088813717777,0.8711549293475049,0.2056680009184956
0.0,0.0,1.0,0.0,0.0,-0.9687070700685436,0.5,-15.0,0.0,0.06861167297161219,-0.48470598703704215,0.09049149043658697,0.22286272434528911,-0.16592557197879584,1.4287067075532867
0.0,-1.0,0.0,0.0,0.0,0.0,0.5,0.0,-1.0,0.0,-0.24888426207029388,-0.8995617016237623,-2.120928991264545,-0.8958252191662015,-1.7336863011131638
0.0,0.0,3.0,0.0,0.0,0.0,-0.5,0.0,0.0,1.0,2.6599026296132964,-0.8995617016237623,2.3949903482246144,2.7138892940832093,1.9208910608409884
0.0,-1.0,1.0,1.0,1.0,0.0,0.0,0.0,-1.0,0.0,-0.4848098522094174,0.05200976976062768,0.8912205854798185,-0.3855761820806229,0.7039421918782474
0.0,0.0,0.0,0.0,1.0,0.0,-0.5,0.0,0.0,1.0,1.3868106391014265,-0.8995617016237623,0.7692292539944954,1.1340215327181176,0.6052188257405035
-1.0,-1.0,0.0,0.0,0.0,0.0,-0.5,0.0,-1.0,0.0,-0.7073277517468456,-0.8995617016237623,-2.3090620829397306,-1.464739402230447,-1.8859359066050891
-1.0,-1.0,1.0,0.0,1.0,0.0,0.0,0.0,-1.0,1.0,1.1758365603764633,-0.8995617016237623,0.35785894589990874,0.8722092301151797,0.27231106049404935
0.0,0.0,0.0,0.0,0.0,0.0,-0.5,0.0,0.0,0.0,-0.05954549869256679,0.0856992823360744,-0.1456176208188887,0.12233806429008133,-0.13513511484287696
-1.0,-1.0,1.0,0.0,1.0,0.0,0.0,0.0,-1.0,1.0,0.9621267387567175,-0.8995617016237623,0.0,0.6070019552438882,-0.017291809739350617
0.0,0.0,0.0,0.0,0.0,0.0,0.0,0.0,0.0,0.0,-0.031791043803332766,-0.8995617016237623,-0.3419405219029848,-0.6264192537629738,-0.2940124498876314
0.0,0.0,0.0,0.0,0.0,0.0,0.0,0.0,0.0,1.0,0.5725986918218419,0.21968971297220313,0.8553107025905863,1.3677375672524508,0.6748815654118189
0.0,0.0,3.0,0.0,0.0,0.0,0.0,0.0,0.0,1.0,0.4270422319549208,0.14525165269124718,1.006953133437595,0.8101606998286227,0.797600540934502
0.0,0.0,2.0,0.0,0.0,-14.118691880160718,-0.5,0.0,0.0,0.0,-0.28161562070416224,0.06014346180412391,0.3038377910807983,-0.18158768151470503,0.22859360793855835
-1.0,-1.0,0.0,0.0,0.0,-14.118691880160718,0.5,0.0,-1.0,0.0,-0.13818398702926005,-0.8995617016237623,-1.1761970435900493,-0.7584496037236288,-0.9691474044825118
0.0,-1.0,0.0,0.0,0.0,0.0,-0.5,0.0,-1.0,0.0,0.0026498235995638776,0.05999114584719522,0.0,0.05792148888279785,-0.017291809739350617
0.0,0.0,2.0,1.0,0.0,0.0,-0.5,0.0,0.0,0.0,-0.10076954590788186,0.05598043951800104,0.0,-0.048615115952407244,-0.017291809739350617
-1.0,-1.0,3.0,0.0,0.0,0.0,-0.5,0.0,-1.0,0.0,-0.32779256216140307,-0.8995617016237623,1.5551101703934798,-0.993747977574211,1.2412050757935
-1.0,0.0,0.0,0.0,0.0,-14.118691880160718,0.5,0.0,0.0,0.0,-0.334074853469472,0.10114127470673254,-0.41307049934796064,0.012110967279463843,-0.3515754809749223
0.0,-1.0,0.0,0.0,0.0,-4.355789457179628,0.5,0.0,-0.6914877458796101,0.30851225412038996,-0.5223112233528608,0.39064496845865354,-0.3122168258992086,2.9101793259807995,-0.2699580905506249
0.0,-1.0,0.0,1.0,0.0,0.0,-0.5,0.0,-1.0,0.0,0.3450041606632407,-0.8995617016237623,-2.2130352498887556,-0.15882806584389678,-1.808224711203636
0.0,0.0,1.0,0.0,0.0,0.0,-0.5,-15.0,0.0,1.0,1.943707808039453,-0.8995617016237623,0.8310492858735441,1.825113684862542,1.9208910608409884
0.0,-1.0,1.0,1.0,0.0,0.0,0.0,0.0,-1.0,0.0,-0.5331101448138414,0.030097035696938477,-0.6965967844902854,-0.530036936294345,-0.5810234992642196
0.0,0.0,1.0,0.0,0.0,-14.118691880160718,0.5,0.0,0.0,1.0,0.7398663782580092,0.2525784855118527,0.7692292539944954,1.7051779572940389,0.6052188257405035
0.0,0.0,0.0,1.0,0.0,0.0,0.0,0.0,0.0,0.0,-0.4298969028881151,0.06840077248282725,-0.4469031686728243,-0.2580406729459556,-0.37895509033329366
0.0,0.0,2.0,0.0,0.0,-13.01189483246815,0.0,0.0,0.0,0.0,0.3698603613320717,-0.8995617016237623,-1.1883177742591624,-0.12798229004813635,-0.9789562926808323
0.0,0.0,0.0,1.0,0.0,-14.118691880160718,0.5,0.0,0.0,0.0,-0.5438873333145774,0.12073107249981241,0.47415486361051834,-0.01723164656673356,0.3664253252100689
0.0,-1.0,0.0,0.0,0.0,-14.118691880160718,-0.5,0.0,-1.0,1.0,0.6891171567891716,-0.8995617016237623,-0.3676705040391013,0.26820551295312595,-0.3148348346932837
-1.0,-1.0,0.0,1.0,0.0,0.0,0.0,0.0,-1.0,0.0,-0.8444980985116802,-0.8995617016237623,-1.3617500434862064,-1.6349635575029187,-1.119309030916674
-1.0,-1.0,0.0,0.0,0.0,0.0,0.5,0.0,-1.0,0.0,-0.7073277517468456,-0.8995617016237623,-5.990011562128583,-1.464739402230447,-4.864801033691755
0.0,0.0,0.0,1.0,0.0,-14.118691880160718,0.0,0.0,0.0,0.0,-0.3320660109578726,0.07205010381440251,-0.08990392558952631,-0.1629174069849252,-0.09004794786104263
0.0,0.0,0.0,0.0,0.0,0.0,0.5,0.0,0.0,0.0,0.030824665822881153,0.11576102384277012,0.2813172261333547,0.35092815742055394,0.21036849348275827
-1.0,-1.0,0.0,0.0,0.0,0.0,0.5,0.0,-1.0,0.0,-0.18043420741888566,-0.8995617016237623,-0.8454170886217822,-0.8108808196935774,-0.7014586252245582
0.0,0.0,0.0,0.0,0.0,-14.118691880160718,-0.5,0.0,0.0,0.0,-0.11270419034373702,0.07089600581648181,0.32956707742115043,0.016548576303883292,0.24941542966075986
0.0,0.0,1.0,0.0,0.0,0.0,0.5,0.0,0.0,1.0,1.3230862530383403,-0.8995617016237623,0.8553107025905863,1.0549415417165449,0.6748815654118189
0.0,-1.0,0.0,0.0,0.0,-7.3140798781125325,0.0,10.0,-1.0,0.0,-0.6865478760316496,-0.41068901605958574,-0.5782328733558051,-0.984475893677633,-1.010525159421469
0.0,0.0,3.0,0.0,0.0,0.0,0.5,-5.0,0.0,1.0,3.795488113213817,-0.8995617016237623,3.8335497102858,4.123115735837281,3.417975172738205
0.0,-1.0,1.0,1.0,0.0,0.0,0.5,-10.0,-1.0,0.0,-0.10280060898453812,-0.8995617016237623,-0.5569879289134734,-0.7145399265929342,0.27231106049404935
0.0,0.0,1.0,0.0,0.0,0.0,0.0,0.0,0.0,1.0,0.6612773430758013,0.0859581255309602,1.5104297001563924,0.7515433515453697,1.2050467162714282
-1.0,0.0,0.0,0.0,0.0,-14.118691880160718,0.5,0.0,0.0,0.0,-0.5517804584622302,0.15596589959608065,-0.1456176208188887,0.2396291671016787,-0.13513511484287696
0.0,0.0,2.0,0.0,1.0,-14.118691880160718,-0.5,0.0,0.0,0.5413907335170025,0.1960256888926068,-0.8995617016237623,-0.19514575185140615,-0.3437057388180474,-0.17521651861564985
0.0,0.0,3.0,0.0,0.0,0.0,-0.5,0.0,0.0,0.0,-0.15662381237605028,0.15551309324294676,0.35785894589990874,0.466060472816387,0.27231106049404935
0.0,-1.0,0.0,0.0,0.0,0.0,0.0,0.0,-1.0,0.0,0.30403893876562615,-0.8995617016237623,-0.6965967844902854,-0.20966463845259475,-0.5810234992642196
-1.0,-1.0,0.0,1.0,0.0,0.0,-0.5,0.0,-1.0,0.0,0.17545006931861803,-0.8995617016237623,0.4172384258753525,-0.36923944594787345,0.3203648203088583
-1.0,-1.0,0.0,0.0,0.0,0.0,0.5,0.0,-1.0,0.0,-1.1054817185554597,0.06202867743907037,-1.9472825626130585,-0.7755849236220538,-1.5931602510607081
0.0,0.0,0.0,0.0,0.0,-7.385220550074541,-0.5,0.0,0.0,1.0,0.9358703178965426,0.16304219425696156,1.6505097096322712,1.3103541722438041,1.3184086240044348
0.0,0.0,0.0,0.0,0.0,0.0,-0.5,0.0,0.0,0.0,-0.2506822399859026,-0.8995617016237623,0.6402632955800976,-0.8980564541167683,0.5008511352101196
0.0,0.0,0.0,0.0,0.0,0.0,0.0,0.0,0.0,0.0,-0.4690580202464031,0.10113124305012404,-0.10832272187316215,-0.0978508116692556,-0.10495364277547853
-1.0,-1.0,0.0,1.0,0.0,0.0,-0.5,0.0,-1.0,0.0,-0.1637701491925938,-0.8995617016237623,-0.6897081653202404,-0.7902012391436722,-0.5754487779768327
0.0,0.0,0.0,0.0,0.0,0.0,0.5,0.0,0.0,0.0,-0.8124436933240717,0.01117343467662237,0.0,-0.8495922925113599,-0.017291809739350617
0.0,-1.0,0.0,0.0,1.0,0.0,-0.5,0.0,-1.0,1.0,0.8332063509312411,-0.8995617016237623,0.21825009032309872,0.44701574370055525,0.1593304413191609
0.0,-1.0,0.0,0.0,1.0,0.0,-0.5,0.0,-1.0,1.0,0.7398663782580092,-0.8995617016237623,1.006953133437595,0.3311837262405703,0.797600540934502
-1.0,0.0,0.0,0.0,0.0,0.0,0.0,0.0,0.0,0.0,-0.07422069096738994,0.04484304136512504,0.26575268727569795,-0.07147275988323287,0.1977726504035772
-1.0,-1.0,1.0,0.0,0.0,0.0,-0.5,-23.0,-0.6149155889263465,0.0,-0.14372012535699025,-0.8995617016237623,-0.13202832920831611,-0.7653197800593718,2.9485783940490307
-1.0,-1.0,0.0,0.0,0.0,0.0,0.5,0.0,-1.0,0.0,-0.48745173953815946,0.04484304136512504,-0.3419405219029848,-0.42298820726564584,-0.2940124498876314
0.0,0.0,0.0,0.0,0.0,0.0,0.5,0.0,0.0,0.0,0.169726268468699,0.11204457311631576,-0.3419405219029848,0.4368831635006075,-0.2940124498876314
0.0,-1.0,0.0,1.0,0.0,-8.144692511855979,0.0,10.0,-0.5768730262681577,0.42312697373184216,-0.138255371088234,0.050338157351572384,0.06636867512121408,-0.07183467626397289,-0.48887141641834847
0.0,0.0,0.0,0.0,0.0,-13.07176965557229,-0.5,0.0,0.0,0.0,-0.10958865680517692,0.09567940708731024,-0.1433927885560125,0.13370159752624156,-0.13333463502674042
-1.0,-1.0,0.0,0.0,0.0,-14.118691880160718,0.0,0.0,-1.0,0.0,-0.17281250398883874,-0.8995617016237623,-0.7505257411118748,-0.8014225216086327,-0.6246663390066504
0.0,-1.0,0.0,0.0,0.0,0.0,-0.5,0.0,-1.0,0.0,0.12101943204866884,-0.8995617016237623,-0.1456176208188887,-0.4367861823143279,-0.13513511484287696
0.0,0.0,0.0,0.0,0.0,-14.118691880160718,-0.5,0.0,0.0,0.0,-0.10885868320575329,0.1485382192308219,0.18567030889502173,0.4711665723444487,0.13296475081107198
0.0,0.0,0.0,0.0,0.0,-0.9169274876137354,0.0,-1.0,0.0,1.0,1.1254484116034829,-0.8995617016237623,0.4959604062037312,0.8096790968690403,0.4056922332670722
0.0,0.0,1.0,1.0,0.0,0.0,-0.5,0.0,0.0,0.0,0.07099450989000422,0.2120260543325778,0.169725854224724,1.019217481479309,0.12006145500212394
-1.0,-1.0,0.0,0.0,0.0,0.0,-0.5,0.0,-1.0,0.0,-0.4273982987167093,-0.8995617016237623,-1.6414714583921588,-1.1173556141028813,-1.3456778992952476
0.0,0.0,2.0,1.0,0.0,-12.720341967137712,0.5,-15.0,0.0,0.0,-0.4234655646078693,0.0724696139672947,-1.2268789753284153,-0.21034115690649996,0.25548088175547917
0.0,0.0,0.0,1.0,0.0,-14.118691880160718,0.0,0.0,0.0,0.0,-0.9382119708794721,0.13108959785141805,0.4686263679210947,-0.09246112026652407,0.3619513048227804
0.0,0.0,1.0,0.0,0.0,-14.118691880160718,0.0,0.0,0.0,0.0,-0.324950521354726,0.027889904108855456,-0.1268931148924962,-0.3613335079980877,-0.11998201968593208
-1.0,-1.0,1.0,0.0,0.0,-4.494621544068687,0.5,0.0,-1.0,0.0,-0.7402901145099106,-0.8995617016237623,0.34319708453193426,-1.5056446743206824,0.2604457230928785
0.0,-1.0,0.0,0.0,0.0,0.0,0.5,0.0,-1.0,1.0,1.2649334625761897,-0.8995617016237623,1.4556183404779082,0.9827757284294535,1.160689778248354
0.0,0.0,1.0,0.0,0.0,0.0,-0.5,0.0,0.0,0.0,-1.0508228693542785,-0.8995617016237623,-1.6722637842242325,-1.8910062129077343,-1.3705970637993115
0.0,0.0,2.0,0.0,0.0,0.0,0.5,0.0,0.0,1.0,0.5909217767926846,-0.8995617016237623,0.9148468748133841,0.14634808526711143,0.7230621308440298
-1.0,-1.0,1.0,0.0,0.0,0.0,-0.5,-26.0,-0.6563381768300606,0.0,-0.04615712568443878,-0.5429115136153995,0.5125377544113755,-0.3132905917301905,4.070180061081772
-1.0,0.0,0.0,0.0,0.0,0.0,0.0,0.0,0.0,0.0,-0.4026959744832036,0.1056518646839988,0.18601682763237812,-0.02397232641484501,0.13324517644267383
0.0,0.0,0.0,1.0,1.0,0.0,0.5,0.0,0.0,0.0,0.29941556371123607,-0.8995617016237623,0.169725854224724,-0.21540210381375352,0.12006145500212394
0.0,0.0,2.0,0.0,1.0,-14.118691880160718,0.0,0.0,0.0,0.0,-0.5076876629701265,-0.8995617016237623,-0.42551637333442643,-1.216992230395999,-0.36164749641659294
0.0,0.0,0.0,0.0,0.0,0.0,0.0,0.0,0.0,0.0,0.2735651539066249,0.16124350925112718,0.0,0.7884831668473414,-0.017291809739350617
-1.0,-1.0,0.0,1.0,0.0,-14.118691880160718,0.5,0.0,-1.0,0.0,-0.5109085732584576,-0.8995617016237623,-1.0604644956322729,-1.2209892803850873,-0.8754890554262574
0.0,0.0,0.0,0.0,0.0,0.0,0.0,0.0,0.0,0.0,-0.25248243216058475,0.04105968809778092,0.169725854224724,-0.24319740238476661,0.12006145500212394
-1.0,-1.0,0.0,0.0,0.0,0.0,0.5,0.0,-1.0,1.0,1.450684268918872,-0.8995617016237623,1.5902282336518814,1.2132867306001471,1.269624910013645
0.0,0.0,2.0,0.0,0.0,0.0,0.5,0.0,0.0,0.0,0.2622092031810685,-0.8995617016237623,0.10335959873445089,-0.2615740457923566,0.06635353936432019
0.0,0.0,0.0,0.0,1.0,0.0,-0.5,0.0,0.0,0.0,-0.5898520852135305,0.16714659336092696,0.3877440187610211,0.31037395196073486,0.2964960165413211
-1.0,-1.0,0.0,1.0,0.0,0.0,0.0,0.0,-1.0,0.0,-0.9876718902595868,-0.8995617016237623,-1.9894574356854957,-1.8126378022084964,-1.6272909174404258
0.0,0.0,0.0,0.0,0.0,-1.6930725919146639,-0.5,0.0,0.0,0.0,-0.5680711418634863,0.07415239354322507,0.4717549892311854,-0.3236969392323841,0.3644831898620013
0.0,-1.0,0.0,1.0,0.0,0.0,-0.5,0.0,-1.0,0.0,0.043671174903140236,0.11620594776002482,-1.905881584254055,0.3609819077274911,-1.5596558709114645
-1.0,0.0,0.0,0.0,0.0,0.0,0.5,0.0,0.0,0.0,0.169726268468699,0.11204457311631576,-0.3419405219029848,0.4368831635006075,-0.2940124498876314
0.0,0.0,0.0,1.0,0.0,-14.118691880160718,0.0,0.0,0.0,0.0,-1.0051416213310964,0.14600587503783183,0.9257840091054601,-0.03057042325005253,0.7319131754229149
0.0,0.0,2.0,0.0,0.0,0.0,0.5,0.0,0.0,0.0,0.05502680943147854,0.05065871453898192,0.6135613269594485,0.06679671402138047,0.47924215535361275
0.0,0.0,2.0,0.0,0.0,-14.118691880160718,0.0,0.0,0.0,0.0,-0.2219567584053003,0.12044144857720367,0.6374415402136829,0.20049923285699423,0.4985675861677581
0.0,0.0,0.0,0.0,0.0,-14.118691880160718,0.5,0.0,0.0,0.0,-1.0918241035980092,0.03285282608562046,-0.5569879289134734,-0.9501472457199355,-0.4680428800893307
0.0,0.0,0.0,0.0,0.0,-14.118691880160718,-0.5,0.0,0.0,0.0,0.03370839286848798,0.06713621916710262,0.34276664872550594,0.11500878649663335,0.2600973862791113
0.0,0.0,1.0,1.0,0.0,0.0,0.0,-15.0,0.0,0.0,-0.5429647160321796,0.2498872807277169,1.7580594786336183,1.097050645816748,2.6710883540337744
0.0,0.0,1.0,0.0,0.0,0.0,0.5,0.0,0.0,0.0,-1.2638941937702566,0.07226583038863313,-0.6490941875376862,-0.8013306694835729,-0.5425812901798033
0.0,0.0,0.0,1.0,0.0,-14.118691880160718,0.0,0.0,0.0,0.0,-1.12609745239055,0.16020323447162618,0.9764653048971543,0.027486575707476882,0.7729277955591075
0.0,0.0,0.0,0.0,0.0,-14.118691880160718,0.5,0.0,0.0,1.0,0.41254254116766853,0.04413086547033578,0.5729063529103974,0.3779106041297148,0.4463414906957491
0.0,0.0,1.0,0.0,0.0,0.0,0.0,0.0,0.0,0.0,-0.184727179259558,0.11460923124782199,0.6797329320579433,0.1836232417443339,0.5327925471603187
0.0,0.0,2.0,0.0,0.0,-0.5028859949708884,-0.5,0.0,0.0,0.0,0.11222620988026345,0.043067597170088866,0.029679732512491685,0.0916258395751165,0.006726971464407185
-1.0,-1.0,1.0,0.0,0.0,0.0,0.0,-27.0,-1.0,0.0,-0.15031134023231424,-0.8995617016237623,0.43184229572564947,-0.7734992737388251,4.536559665588531
-1.0,0.0,1.0,0.0,0.0,0.0,0.5,0.0,0.0,0.0,0.2779576410185235,-0.8995617016237623,0.12013506645680921,-0.24203072180894694,0.07992934530005126
-1.0,0.0,0.0,1.0,0.0,-14.118691880160718,0.0,0.0,0.0,0.0,-0.855341028978771,0.14808445294833966,0.7440190474215079,0.018278875405441028,0.5848170773243664
0.0,-1.0,0.0,0.0,0.0,-14.118691880160718,-0.5,0.0,-1.0,1.0,0.7114997910101681,-0.8995617016237623,-0.1835393540553227,0.2959816693375218,-0.16582386222595502
0.0,-1.0,0.0,0.0,0.0,-9.368712366557663,0.0,0.0,-1.0,0.0,-0.30774790316864425,-0.8995617016237623,-0.5669454034891833,-0.9688731760938529,-0.4761011199361784
-1.0,-1.0,0.0,0.0,0.0,-14.118691880160718,0.5,0.0,-1.0,0.0,-0.2063617224658401,-0.8995617016237623,-1.248731181049209,-0.843056063478217,-1.027846773713739
0.0,0.0,2.0,0.0,1.0,-14.118691880160718,-0.5,0.0,0.0,1.0,0.7921375987059357,-0.8995617016237623,0.0,0.39605069315918506,-0.017291809739350617
0.0,0.0,2.0,0.0,1.0,0.0,0.0,0.0,0.0,0.0,0.25172150879183697,0.09096713192889462,0.5034765667187975,0.40505316218755927,0.39015436559757566
0.0,0.0,1.0,0.0,0.0,0.0,0.5,0.0,0.0,0.0,-1.3443272291893011,0.04178889219697461,-3.2734997455210286,-1.0657651277641538,-2.666421956890543
-1.0,0.0,2.0,0.0,0.0,0.0,0.5,0.0,0.0,1.0,1.971803135120099,-0.8995617016237623,-1.3617500434862064,1.859979116292893,-1.119309030916674
-1.0,-1.0,0.0,0.0,0.0,-5.439440524754783,0.5,10.0,-1.0,0.38526519106194024,0.1656201418708651,-0.8995617016237623,-0.07655396111296814,-0.38143808170004606,-0.6045337636894442
0.0,0.0,2.0,0.0,0.0,-8.893703376347519,-0.5,0.0,0.0,0.0,-0.6040984324478126,-0.8995617016237623,-0.37211927132024375,-1.3366350116571994,-0.31843506821652245
0.0,0.0,0.0,0.0,0.0,-10.629407430190787,-0.5,0.0,0.0,0.0,0.3585865676918241,-0.8995617016237623,0.021367291011441976,-0.14197271906132072,0.0
0.0,0.0,0.0,0.0,0.0,0.0,0.0,0.0,0.0,1.0,0.7244829577600499,0.19314095561088165,1.5902282336518814,1.2997323534853584,1.269624910013645
-1.0,-1.0,1.0,1.0,0.0,0.0,0.0,0.0,-1.0,1.0,0.4338161658125228,-0.8995617016237623,0.06942978619159988,-0.048615115952407244,0.038895315358822756
0.0,0.0,1.0,0.0,1.0,-14.118691880160718,-0.5,0.0,0.0,1.0,1.1829382222530544,0.20398470792668977,2.4312853402118555,1.7050450591082513,1.9502633427834462
0.0,0.0,1.0,0.0,1.0,-14.118691880160718,-0.5,-5.0,0.0,0.0,-0.8357470587007152,-0.8995617016237623,-1.4945112761594705,-1.6241037879192555,-0.8938403404185562
0.0,0.0,2.0,0.0,0.0,0.0,0.0,0.0,0.0,0.0,-0.3887885763008204,-0.8995617016237623,-1.0324356877996745,-1.06944214345447,-0.8528063104773277
0.0,0.0,1.0,0.0,0.0,-12.915318341205252,0.5,0.0,0.0,0.9147673489038726,0.5671488963713547,0.2637877411894355,0.8237503084887482,1.7761374914225312,0.6493408298166671
0.0,0.0,0.0,0.0,0.0,0.0,-0.5,0.0,0.0,0.0,-0.25880062108190127,0.08241935816533177,-0.38334150026198827,-0.05176289348477908,-0.32751683003687543
0.0,0.0,0.0,0.0,0.0,0.0,0.0,0.0,0.0,0.0,-0.522779671704154,0.08788314636140084,-0.10832272187316215,-0.21655177774223816,-0.10495364277547853
-1.0,-1.0,0.0,0.0,0.0,-8.07171366142658,-0.5,0.0,-1.0,-0.57170407357418,-1.2485841826373307,0.09735410528315076,-0.3922386890783687,-0.5967671464866288,-0.33471701728314496
-1.0,-1.0,0.0,1.0,0.0,0.0,0.5,0.0,-1.0,0.0,-1.0299788888920283,0.10741687152154797,-0.1456176208188887,-0.4020613841203156,-0.13513511484287696
-1.0,-1.0,0.0,0.0,0.0,0.0,-0.5,0.0,-1.0,0.0,-0.41724092892764725,-0.8995617016237623,-1.3297453931889043,-1.1047506325386263,-1.093408774144813
-1.0,0.0,0.0,1.0,0.0,0.0,-0.5,0.0,0.0,0.0,0.08893038965225604,-0.8995617016237623,-0.071634270993148,-0.47660769085652427,-0.07526294815681962
-1.0,-1.0,0.0,0.0,0.0,-14.118691880160718,0.5,10.0,-1.0,1.0,0.4961100609902163,-0.8995617016237623,0.25002934828067996,0.028689680130336393,-0.3402411845759492
0.0,0.0,2.0,1.0,0.0,-14.118691880160718,0.5,-15.0,0.0,0.0,-0.42279606239595635,-0.8995617016237623,-2.3586528707076453,-1.111644381255978,-0.6604245952833292
-1.0,-1.0,0.0,0.0,0.0,-14.118691880160718,0.0,0.0,-1.0,0.0,-0.8635263375032209,0.28031259305868467,0.15331639996977536,1.3328302399528418,0.10678185110890219
0.0,0.0,1.0,0.0,0.0,0.0,0.0,0.0,0.0,1.0,3.174454142088502,-0.8995617016237623,1.5989230036212616,3.352431797044347,1.2766612866866365
0.0,0.0,3.0,1.0,0.0,0.0,0.5,-15.0,0.0,0.0,0.04990937933477165,-0.8995617016237623,0.0,-0.5250315570625331,1.2483516112844826
0.0,-1.0,0.0,0.0,1.0,-14.118691880160718,0.5,0.0,-1.0,1.0,1.4518074006384316,-0.8995617016237623,0.8553107025905863,1.2146805023061378,0.6748815654118189
0.0,0.0,2.0,0.0,0.0,0.0,0.5,0.0,0.0,1.0,1.3481572607360035,-0.8995617016237623,-0.3012855478539356,1.0860538863873717,-0.2611117852297677
-1.0,-1.0,0.0,0.0,0.0,0.0,0.5,0.0,-1.0,0.0,-0.3701234293091189,-0.8995617016237623,-1.7095586831699592,-1.0462792736751436,-1.4007785358667098
0.0,0.0,2.0,0.0,0.0,-0.960641515231688,-0.5,0.0,0.0,0.0,-0.750478199175738,-0.8995617016237623,-0.2910468415582123,-1.5182877720964583,-0.25282595427684523
0.0,0.0,0.0,0.0,0.0,0.0,-0.5,0.0,0.0,1.0,0.6648881045521823,0.11813675417966435,0.7941608890485287,0.8774601855159897,0.6253951358592934
0.0,-1.0,0.0,0.0,0.0,0.0,0.0,0.0,-1.0,0.0,-0.634194741312901,0.3840921194705195,-0.49029469856357705,2.611768130408999,-0.41407035500435035
0.0,-1.0,0.0,0.0,0.0,-7.069430514087225,0.5,-15.0,-0.500714271130248,0.0,-0.5155706489888354,0.12679868615391993,-0.1609903876940905,0.0870656494868808,1.1180676575357427
0.0,0.0,0.0,1.0,0.0,0.0,0.5,0.0,0.0,0.912588951436792,0.6225896687359209,-0.8995617016237623,0.47430306698097285,0.1856469591304184,0.3665452610729383
-1.0,0.0,1.0,0.0,0.0,0.0,0.5,0.0,0.0,-1.0,-1.7445104685049917,0.10915585189304096,0.1184906898002506,-0.6979576935996394,0.07859860813407955
-1.0,0.0,2.0,0.0,0.0,0.0,0.0,0.0,0.0,0.0,0.15276048074319362,0.10839922669190845,-0.01769648299037361,0.40505316218755927,-0.0316129614829829
0.0,-1.0,0.0,0.0,0.0,-14.118691880160718,-0.5,0.0,-1.0,1.0,0.48520595339730166,-0.8995617016237623,-0.14759333125564614,0.01515802006107799,-0.13673398897971453
0.0,-1.0,0.0,0.0,1.0,-14.118691880160718,0.5,0.0,-1.0,1.0,1.7150124871999561,-0.8995617016237623,0.8794144495157209,1.5413098692214613,0.6943878942960796
0.0,0.0,2.0,0.0,0.0,0.0,0.5,0.0,0.0,0.009063960566873419,0.24813872416561966,-0.8995617016237623,-0.5582533380752088,-0.2790350748060839,-0.4690669319663528
0.0,0.0,0.0,0.0,0.0,0.0,-0.5,0.0,0.0,1.0,1.6424827432004085,-0.8995617016237623,0.3075385371440411,1.4513027015234878,0.23158849375655838
0.0,0.0,2.0,0.0,0.0,-4.121542610809553,-0.5,0.0,0.0,0.0,-0.6921536867590837,-0.8995617016237623,-0.32334987115036073,-1.4459088571781722,-0.27896767909413417
0.0,-1.0,0.0,0.0,0.0,-14.028464919566845,0.5,-15.0,-0.9936093965815164,0.0,-0.3400590324241112,0.08539131895124676,-0.31946675218797554,-0.09654769679981734,0.9898182158285614
0.0,-1.0,0.0,1.0,0.0,0.0,0.0,0.0,-1.0,0.0,-0.7271316903717632,0.056792570538109086,0.06942978619159988,-0.5460556558835125,0.038895315358822756
-1.0,0.0,0.0,0.0,0.0,0.0,-0.5,0.0,0.0,0.0,0.10288428057264776,-0.8995617016237623,-0.4791513649983606,-0.4592913440606669,-0.4050524404840368
-1.0,-1.0,1.0,0.0,0.0,0.0,0.5,0.0,-1.0,1.0,1.8049087334697327,-0.8995617016237623,-2.624405557983342,1.6528683287890635,-2.1411324764500903
0.0,0.0,3.0,0.0,0.0,-14.118691880160718,0.5,0.0,0.0,0.0,0.169726268468699,0.07283935206225674,0.5034765667187975,0.2571328818444022,0.39015436559757566
0.0,0.0,0.0,1.0,0.0,-11.120805635148773,0.5,0.0,0.0,1.0,0.9284553707464887,-0.8995617016237623,-0.26211154886620525,0.5652168295837763,-0.22940962247724048
0.0,0.0,0.0,0.0,0.0,0.0,-0.5,0.0,0.0,1.0,1.0478456843181652,0.07440357571398916,0.7692292539944954,1.0918401553640547,0.6052188257405035
0.0,0.0,0.0,1.0,0.0,0.0,-0.5,0.0,0.0,0.0,-0.5768636339848009,0.0646457101359505,-0.4043303959406142,-0.39021070594569374,-0.3445024175182043
0.0,0.0,0.0,1.0,0.0,-14.118691880160718,-0.5,0.0,0.0,0.0,-0.11258918927575005,0.17915112686046966,0.3877440187610211,0.6633305266844447,0.2964960165413211
0.0,-1.0,0.0,1.0,0.0,0.0,-0.5,0.0,-1.0,0.0,-0.27837901749220617,0.11959115323367461,-0.1456176208188887,0.14854363433824008,-0.13513511484287696
0.0,0.0,2.0,1.0,0.0,-14.118691880160718,0.5,-15.0,0.0,0.0,-0.42004774080077045,-0.8086215802986828,-2.264357900176887,-1.03142394789517,-0.584114936332064
0.0,0.0,2.0,1.0,0.0,0.0,-0.5,0.0,0.0,0.0,0.048077375258535546,0.04051008012193165,0.4607694870122388,0.022315955230712014,0.35559300279245165
0.0,-1.0,1.0,0.0,0.0,-14.118691880160718,0.5,-15.0,-1.0,0.0,-0.33778344664757387,0.08485445411178714,-0.32152146838293955,-0.09892832508739767,0.9881554050636098
-1.0,-1.0,0.0,0.0,0.0,0.0,0.0,0.0,-1.0,1.0,1.1256610906045652,-0.8995617016237623,1.7661320812159322,0.809943024927526,1.4119778111309917
0.0,0.0,0.0,0.0,0.0,-14.118691880160718,0.5,0.0,0.0,0.0,-1.0974308195142495,0.058322060077341115,-0.5976753840417943,-0.7676675571525885,-0.5009698305614588
0.0,0.0,0.0,0.0,0.0,0.0,0.5,0.0,0.0,0.0,-0.9185882527047424,0.0941009181494824,-0.8454170886217822,-0.4363534031673127,-0.7014586252245582
-1.0,-1.0,0.0,0.0,0.0,-9.477509676703807,0.0,0.0,-1.0,0.0,0.29865746492756967,-0.8995617016237623,-0.42816246180892836,-0.21634288094311327,-0.3637888843178513
-1.0,-1.0,1.0,1.0,1.0,0.0,0.0,0.0,-1.0,0.0,0.003406034615442547,-0.8995617016237623,-1.6355753333442185,-0.5827407687025938,-1.3409063691806524
-1.0,-1.0,0.0,0.0,1.0,-14.118691880160718,0.5,0.0,-0.26678503368653894,1.0,1.7313591087460023,-0.8995617016237623,1.5740977078400873,1.5615955206750145,1.2565710332641837
0.0,0.0,0.0,1.0,0.0,-14.118691880160718,0.5,10.0,0.0,0.0,-0.3676851370655366,0.06202867743907037,-0.5569879289134734,-0.24203072180894694,-0.9933323605297834
0.0,0.0,0.0,0.0,0.0,0.0,-0.5,0.0,0.0,1.0,1.953697294474328,0.09202016838997028,1.9516850811120914,2.0799979564548234,1.5621394375651543
0.0,0.0,0.0,0.0,0.0,0.0,-0.5,0.0,0.0,0.22345362382124745,-0.0350195635620982,0.09727362599340672,0.25097442972088735,0.20998924529744148,0.18581311759335517
0.0,0.0,0.0,1.0,0.0,-14.118691880160718,0.0,0.0,0.0,0.0,-0.5028968810601905,0.10197904488049331,-0.14535508297864122,-0.10943613353342346,-0.13492265204726567
0.0,0.0,2.0,0.0,0.0,0.0,0.5,-15.0,0.0,0.0,-0.7554428889825983,-0.005930578298226341,-1.1175888129862923,-0.8776318871849044,0.3439256309092579
0.0,0.0,3.0,0.0,0.0,0.0,-0.5,0.0,0.0,1.0,1.1970388704468564,0.20432235042358549,0.034981941270191365,1.7178910625830421,0.011017865662803694
0.0,0.0,2.0,0.0,0.0,0.0,0.5,0.0,0.0,0.0,0.2462892477277175,-0.8995617016237623,-0.5569879289134734,-0.2813302178290725,-0.4680428800893307
0.0,0.0,0.0,0.0,0.0,0.0,0.0,0.0,0.0,1.0,0.705198606470354,-0.8995617016237623,0.0,0.2881620943287576,-0.017291809739350617
0.0,-1.0,0.0,0.0,0.0,0.0,-0.5,0.0,-1.0,0.0,0.20920249636162006,0.07929961464665808,-0.10599112192116382,0.31983796672777404,-0.1030667595605378
0.0,0.0,1.0,0.0,0.0,0.0,0.0,-16.0,0.0,0.0,-0.5967525622198183,0.08676381244970117,0.22098475953533173,-0.27511214319889726,1.4834967107552657
0.0,0.0,3.0,0.0,0.0,0.0,0.0,0.0,0.0,0.0,0.28576868803869765,-0.8995617016237623,-0.5569879289134734,-0.23233745418834217,-0.4680428800893307
0.0,0.0,2.0,1.0,0.0,0.0,0.5,0.0,0.0,0.0,-0.32779256216140307,0.09614879223110599,-0.03553286057823766,-0.02776837681510832,-0.04604732508683948
0.0,0.0,2.0,0.0,0.0,0.0,-0.5,0.0,0.0,0.0,-0.13818398702926005,0.18833075587051712,1.446352249364778,0.7191072123824189,1.153191051129886
0.0,0.0,3.0,1.0,0.0,-2.2673777134683624,0.0,0.0,0.0,0.0,0.350172510799679,-0.8995617016237623,-0.10803489654696852,-0.15241430327146654,-0.10472071569192508
0.0,0.0,2.0,0.0,0.0,-9.879505980284492,0.5,0.0,0.0,0.0,-0.133715997476932,0.1303838031673066,0.8261204744024467,0.3296471196184939,0.6512589231308081
0.0,-1.0,0.0,0.0,0.0,-13.558660068469289,-0.5,0.0,-1.0,1.0,2.0021785398067617,-0.8995617016237623,1.4983404832611364,1.897674053469885,1.195263331080549
0.0,0.0,0.0,0.0,0.0,0.0,-0.5,0.0,0.0,0.0,-0.1593451956732303,-0.8995617016237623,0.5554331934956093,-0.7847100087668551,0.43220106699935734
0.0,0.0,2.0,0.0,0.0,0.0,0.5,0.0,0.0,0.866573825757192,0.42311127388449365,-0.8995617016237623,-0.6779693090002555,-0.06189955554674543,-0.5659489274841307
0.0,0.0,0.0,0.0,0.0,0.0,-0.5,0.0,0.0,0.0,0.30781731693189723,-0.8995617016237623,0.12155180470579867,-0.20497578807915293,0.08107586257446275
-1.0,-1.0,0.0,0.0,0.0,-3.6061226322165005,0.0,0.0,-1.0,1.0,1.5435863182534155,-0.8995617016237623,1.2304722495302116,1.328575298749399,0.9784868323465361
0.0,0.0,0.0,0.0,0.0,0.0,-0.5,0.0,0.0,1.0,1.6384911141006475,0.11525358385451445,1.8669157406322414,1.8780414874409186,1.493538541619902
-1.0,-1.0,0.0,0.0,0.0,0.0,0.5,0.0,-1.0,0.0,-0.5396724717100889,0.058800910791460756,-0.9503797353916218,-0.393588721421143,-0.7864012656702204
0.0,-1.0,0.0,0.0,0.0,0.0,0.5,0.0,-1.0,0.0,-0.26015807902910276,0.12643890093402613,-0.3419405219029848,0.20441072528560572,-0.2940124498876314
0.0,-1.0,0.0,0.0,0.0,0.0,0.0,0.0,-1.0,0.0,-0.7147228224656553,0.11620594776002482,0.13678672886130022,-0.15437745526267013,0.09340495987319329
0.0,-1.0,0.0,0.0,0.0,0.0,0.5,-25.0,-1.0,0.0,-0.3848392166242539,0.22142893260438642,0.43184229572564947,0.8810221727262085,3.603824009811153
0.0,0.0,0.0,0.0,0.0,0.0,0.0,0.0,0.0,0.0,0.25172150879183697,0.21968971297220313,1.5551101703934798,1.178089782669938,1.2412050757935
0.0,-1.0,0.0,0.0,0.0,0.0,0.0,0.0,-1.0,0.0,0.2823369685088287,0.09121567598734008,0.0,0.4323317782830488,-0.017291809739350617
0.0,0.0,0.0,0.0,0.0,0.0,0.5,0.0,0.0,0.0,-0.7720539297937554,0.0899681621534438,0.0,-0.37257859790060865,-0.017291809739350617
-1.0,0.0,1.0,0.0,0.0,0.0,0.0,-15.0,0.0,0.0,0.2596736329683851,0.13135866902298546,0.20219101886486188,0.6074888027471084,1.4119778111309917
0.0,0.0,0.0,1.0,0.0,0.0,-0.5,0.0,0.0,0.0,-1.098235323792655,0.06979964891146295,-0.6727204768712518,-0.7180745015463748,-0.5617012291455857
-1.0,-1.0,0.0,0.0,0.0,0.0,-0.5,0.0,-1.0,0.0,-0.21150517293844492,-0.8995617016237623,-1.6540518026118636,-0.8494389263384093,-1.355858736846728
-1.0,0.0,0.0,1.0,0.0,-14.118691880160718,0.0,0.0,0.0,0.0,-0.8408914017467565,0.14454142150032492,0.6938886041595899,0.001592102105921297,0.5442482430921635
-1.0,0.0,0.0,0.0,0.0,-1.939550821316523,-0.5,0.0,0.0,0.13737468299325517,0.28834778595728483,-0.8995617016237623,-0.3212897223521631,-0.22913687348769582,-0.27730047191124213
0.0,-1.0,0.0,0.0,0.0,0.0,0.5,0.0,-0.2600465357681656,1.0,1.108670498508718,-0.8995617016237623,1.6553012697427452,0.7888582259508699,1.322286267910748
0.0,-1.0,0.0,0.0,0.0,0.0,0.5,0.0,-1.0,1.0,0.8246102905159514,-0.8995617016237623,0.0,0.43634829875071895,-0.017291809739350617
0.0,-1.0,0.0,1.0,1.0,0.0,0.0,0.0,-1.0,1.0,0.5959710248567068,-0.8995617016237623,0.06942978619159988,0.15261404585357025,0.038895315358822756
0.0,0.0,2.0,0.0,0.0,0.0,-0.5,0.0,0.0,1.0,0.6007517092730301,0.20442606372118793,-0.1456176208188887,1.2835410891239114,-0.13513511484287696
0.0,0.0,3.0,0.0,0.0,0.0,0.0,0.0,0.0,1.0,0.7412361324058064,-0.8995617016237623,0.35785894589990874,0.33288354874768616,0.27231106049404935
-1.0,-1.0,0.0,1.0,0.0,0.0,-0.5,0.0,-1.0,0.0,0.0937012631037743,-0.8995617016237623,-0.8984135077583604,-0.47068718454921826,-0.7443467946273091
0.0,0.0,0.0,0.0,1.0,0.0,0.0,0.0,0.0,0.0,-0.9009382452105127,0.17817098161427594,0.5034765667187975,0.26361670081798727,0.39015436559757566
0.0,0.0,0.0,1.0,0.0,-14.118691880160718,0.5,0.0,0.0,0.0,-0.6613415730410496,0.1056518646839988,0.7817295076567226,-0.19558933032004658,0.6153348487733298
0.0,-1.0,1.0,0.0,0.0,-7.018595911845349,-0.5,0.0,-1.0,0.0,0.08279251567378203,-0.8995617016237623,-0.741157817543266,-0.4842246025126992,-0.6170852024033048
-1.0,-1.0,0.0,0.0,0.0,0.0,0.5,0.0,-1.0,0.0,-0.25338336030071773,-0.8995617016237623,-1.0604644956322729,-0.9014084608348601,-0.8754890554262574
0.0,0.0,0.0,0.0,0.0,0.0,0.5,0.0,0.0,0.0,-0.5864526514463225,0.09294226632750974,-0.1456176208188887,-0.22963259555473728,-0.13513511484287696
0.0,0.0,0.0,0.0,0.0,0.0,0.5,0.0,0.0,0.0,-0.3516936155944814,0.04484304136512504,-0.6727204768712518,-0.3109699896708419,-0.5617012291455857
0.0,0.0,2.0,0.0,0.0,-14.118691880160718,0.0,0.0,0.0,0.0,-0.0753631849327259,-0.8995617016237623,-0.17358794647747353,-0.6804909324609919,-0.15777053219067977
0.0,0.0,0.0,0.0,0.0,0.0,0.0,0.0,0.0,0.0,-0.05049678595786151,0.07023828109576401,0.05227160453144123,0.0569326669525578,0.025009792267392614
0.0,-1.0,0.0,0.0,0.0,0.0,0.5,0.0,-1.0,1.0,0.6455268167188187,-0.8995617016237623,0.21825009032309872,0.21411124993258626,0.1593304413191609
0.0,-1.0,0.0,1.0,0.0,0.0,-0.5,0.0,-1.0,1.0,0.8234643164471542,-0.8995617016237623,-0.034821094388385716,0.4349261803962353,-0.045471317322110114
0.0,0.0,0.0,1.0,0.0,0.0,-0.5,0.0,0.0,0.0,0.15787390051198988,-0.04485947920176905,-0.8878626728303416,-0.10654232622697174,-0.7358083687656062
0.0,0.0,2.0,0.0,0.0,0.0,0.5,0.0,0.0,1.0,0.9877961191105108,-0.8995617016237623,0.8553107025905863,0.638856861862907,0.6748815654118189
0.0,-1.0,0.0,1.0,0.0,0.0,0.0,-27.0,-1.0,0.0,-0.20289661892138408,-0.8995617016237623,-1.0604644956322729,-0.8387559772154193,3.328887382982168
0.0,-1.0,1.0,0.0,0.0,-14.118691880160718,0.0,-15.0,-0.9149294526824074,0.0,-0.3556127441818175,0.08175604091179395,-0.31809380896746586,-0.12907566358881417,0.9909292913008463
0.0,0.0,0.0,1.0,0.0,0.0,0.0,-15.0,0.0,0.0,0.11997270385421444,-0.8995617016237623,-0.24164445386986266,-0.43808513961015183,1.0527971107795033
0.0,0.0,2.0,1.0,0.0,0.0,0.0,10.0,0.0,1.0,0.6756671806390011,0.058800910791460756,0.8553107025905863,0.6783728002744513,0.14959208497136667
0.0,0.0,0.0,1.0,0.0,0.0,0.5,0.0,0.0,0.0,-0.8431483700121867,0.10932021977273822,-0.24164445386986266,-0.2809329784130291,-0.21284631024432982
0.0,0.0,2.0,0.0,0.0,0.0,0.0,0.0,0.0,0.0,0.3390072051295471,0.21966667223145023,1.0954464369024641,1.2273494412813166,0.8692151113497105
0.0,0.0,0.0,0.0,0.0,0.0,0.5,0.0,0.0,1.0,0.6012540308797245,-0.8995617016237623,0.26575268727569795,0.15917009283294642,0.1977726504035772
0.0,-1.0,1.0,0.0,1.0,0.0,-0.5,0.0,-1.0,0.0,0.2860802634125935,-0.8995617016237623,-0.42551637333442643,-0.23195079879177852,-0.36164749641659294
0.0,0.0,1.0,1.0,0.0,0.0,0.0,0.0,0.0,0.0,-0.5768636339848009,0.11460923124782199,-0.794711808356575,-0.08069707830087139,-0.6604245952833292
0.0,-1.0,0.0,0.0,0.0,0.0,0.0,0.0,-1.0,0.0,0.34799343749455747,-0.8995617016237623,-0.5123074586763879,-0.15511846580651523,-0.43188452056725934
0.0,0.0,2.0,1.0,0.0,0.0,0.5,0.0,0.0,0.0,0.13317619812205192,0.000999933111689691,-0.3419405219029848,-0.022593911617436856,-0.2940124498876314
0.0,-1.0,0.0,0.0,0.0,-6.859988392315613,0.0,0.0,-1.0,1.0,1.8740731030504731,-0.8995617016237623,0.7319966562384191,1.7386991709828141,0.5750877718715273
0.0,0.0,1.0,0.0,0.0,0.0,0.0,0.0,0.0,0.0,-0.639466557385603,0.08915079154375158,-0.4684946254486061,-0.28969240353152,-0.3964283096741226
0.0,-1.0,0.0,0.0,0.0,0.0,0.5,0.0,-1.0,0.0,-0.6727032016700825,-0.8995617016237623,-1.2060821164511617,-1.4217714071242527,-0.9933323605297834
0.0,-1.0,0.0,0.0,0.0,0.0,0.5,10.0,-1.0,0.0,-0.3344455587096114,-0.8995617016237623,-1.3297453931889043,-1.0020041403977327,-1.6186982545852657
-1.0,-1.0,0.0,0.0,0.0,0.0,0.0,0.0,-1.0,0.0,0.0974620628667502,-0.8995617016237623,-0.24164445386986266,-0.4660201484302602,-0.21284631024432982
0.0,0.0,0.0,0.0,0.0,0.0,-0.5,0.0,0.0,-1.0,-1.9374935179164534,0.1280373736229359,-0.3012855478539356,-0.6154006388515574,-0.2611117852297677
0.0,0.0,1.0,0.0,0.0,0.0,0.5,0.0,0.0,0.0,-0.11552425341671158,0.14933733849407888,0.7395976203258031,0.4630537658764507,0.5812389692677863
0.0,0.0,3.0,0.0,0.0,0.0,-0.5,0.0,0.0,1.0,1.3178662391644562,-0.8995617016237623,1.725477107166883,1.0484636660448017,1.3790771464731275
0.0,-1.0,3.0,0.0,1.0,0.0,0.0,0.0,-1.0,1.0,1.295080335701226,-0.8995617016237623,1.8608154846262082,1.0201870650109197,1.488601815379727
0.0,0.0,1.0,0.0,1.0,0.0,0.0,0.0,0.0,0.0,-0.41976337279965314,-0.8995617016237623,-0.6727204768712518,-1.1078809073207594,-0.5617012291455857
0.0,-1.0,0.0,0.0,0.0,-14.118691880160718,0.0,0.0,-1.0,1.0,1.9848227108628453,-0.8995617016237623,1.4370479474585742,1.876136006867898,1.1456614013379005
0.0,0.0,0.0,1.0,1.0,-14.118691880160718,-0.5,-15.0,0.0,0.0,-0.5718124472538129,0.15630446927948,0.5729063529103974,0.23156231163927005,1.7119849117195822
0.0,0.0,1.0,1.0,0.0,-14.118691880160718,-0.5,-15.0,0.0,0.0,-0.5473659413702426,0.048432762966131755,-0.28122950455346185,-0.4533087711055537,1.0207622981035847
0.0,0.0,0.0,0.0,0.0,-14.118691880160718,-0.5,0.0,0.0,0.8664071208602906,0.6278662584210405,-0.8995617016237623,1.0408971907402762,0.19219504363303186,0.8250702927315497
0.0,0.0,1.0,0.0,1.0,-14.118691880160718,0.5,-15.0,0.0,1.0,1.4653571482409422,0.17055683181748388,0.5034765667187975,1.797539144854946,1.6557977866214089
0.0,0.0,1.0,0.0,0.0,0.0,-0.5,0.0,0.0,0.0,-0.2119150133828609,0.14246822680170868,0.5209574202347907,0.3506931630860678,0.40430101586400957
0.0,0.0,2.0,1.0,0.0,0.0,0.0,0.0,0.0,0.0,-0.8263810852141595,0.06780722508378878,-2.3586528707076453,-0.5515805143252003,-1.9260680163071624
-1.0,-1.0,0.0,0.0,0.0,-14.118691880160718,0.0,0.0,-1.0,0.0,0.11227370857384265,-0.8995617016237623,-0.2221093533542264,-0.44763935448936953,-0.1970372289164908
0.0,0.0,2.0,0.0,0.0,0.0,0.5,-20.0,0.0,-1.0,-1.59120044804867,0.006604491882888602,-4.5550364581919105,-1.4594074830010184,-1.6975279415910922
0.0,0.0,1.0,0.0,0.0,0.0,-0.5,0.0,0.0,1.0,0.6455268167188187,-0.8995617016237623,0.5034765667187975,0.21411124993258626,0.39015436559757566
0.0,-1.0,0.0,0.0,0.0,0.0,0.5,0.0,-1.0,0.0,-0.10117553281817099,-0.8995617016237623,-1.0604644956322729,-0.7125232573623204,-0.8754890554262574
0.0,-1.0,0.0,1.0,0.0,0.0,-0.5,0.0,-1.0,0.0,-0.06468487550649807,-0.8995617016237623,-0.3419405219029848,-0.6672394809287304,-0.2940124498876314
0.0,0.0,2.0,0.0,0.0,0.0,0.5,0.0,0.0,1.0,0.4890771731845107,-0.8995617016237623,0.034981941270191365,0.0199620840128991,0.011017865662803694
0.0,0.0,0.0,0.0,0.0,0.0,-0.5,0.0,0.0,0.0,-0.704257479958369,0.09434353064289612,-1.7860504157052968,-0.2992966286729232,-1.4626806499403238
0.0,0.0,0.0,0.0,0.0,0.0,-0.5,0.0,0.0,-1.0,-4.746714346201856,0.07205010381440251,0.12013506645680921,-1.8246909614116733,0.07992934530005126
-1.0,-1.0,0.0,0.0,0.0,0.0,0.0,0.0,-1.0,0.0,0.13455912713825205,-0.8995617016237623,-0.3012855478539356,-0.41998383972622855,-0.2611117852297677
0.0,0.0,2.0,0.0,1.0,0.0,-0.5,0.0,0.0,0.0,-0.634194741312901,0.19362075293065523,0.7185239737292861,0.5194704649967337,0.5641847957992749
0.0,0.0,1.0,0.0,0.0,0.0,0.0,-16.0,0.0,0.0,-0.5838367140921009,0.08765073433273032,0.22866465618317877,-0.2606241522094917,1.5127222793694537
0.0,-1.0,1.0,0.0,0.0,-14.118691880160718,0.0,-15.0,-0.6496681884738473,0.0,-0.41120686168793685,0.07209477707388369,-0.3074059117046123,-0.2230790687103843,0.9995786369705436
0.0,0.0,1.0,0.0,0.0,0.0,0.0,0.0,0.0,0.0,-0.3185721244759773,0.11122846330367483,0.5614036720766188,0.07294997744853618,0.4370327688571362
0.0,0.0,3.0,0.0,0.0,0.0,0.5,0.0,0.0,0.0,0.19746186714580533,0.024818298597909898,-0.3419405219029848,0.110212818815046,-0.2940124498876314
0.0,-1.0,0.0,0.0,0.0,0.0,0.0,0.0,-1.0,0.0,0.15993366846522247,0.12477396073311027,0.7883157917925052,0.5609507447402026,0.6206649007721676
-1.0,-1.0,2.0,0.0,0.0,0.0,0.5,0.0,-1.0,0.0,-0.17316496627496764,-0.8995617016237623,0.169725854224724,-0.8018599163979347,0.12006145500212394
0.0,0.0,1.0,1.0,0.0,-2.782830405780806,0.0,10.0,0.0,0.8028974334590318,0.4700197610129702,0.05943711188189992,0.5769430175988386,0.49695890381846763,-0.07568125659932284
0.0,0.0,3.0,0.0,0.0,0.0,0.5,-15.0,0.0,1.0,1.0177515719084063,-0.8995617016237623,0.0,0.676030651742349,1.2483516112844826
0.0,0.0,2.0,0.0,0.0,0.0,0.0,0.0,0.0,0.0,0.00037884044817476664,-0.8995617016237623,-0.6490941875376862,-0.5864974229804484,-0.5425812901798033
0.0,0.0,1.0,0.0,0.0,-14.118691880160718,-0.5,0.0,0.0,0.0,-0.3091145143347413,0.07090850002922568,0.335187541122457,-0.14643211316444749,0.2539638765798333
-1.0,-1.0,1.0,0.0,0.0,0.0,0.5,0.0,-1.0,0.0,-0.42938855447016244,0.05351306132930981,-0.794711808356575,-0.33372648255970866,-0.6604245952833292
0.0,-1.0,2.0,0.0,0.0,-14.118691880160718,0.0,0.0,-1.0,0.0,0.35633103681724204,-0.8995617016237623,0.5865395666842523,-0.1447717630739086,0.4573743791694038
0.0,0.0,0.0,0.0,0.0,0.0,0.5,0.0,0.0,1.0,1.0537540146501052,-0.8995617016237623,1.725477107166883,0.7207085690035625,1.3790771464731275
0.0,0.0,1.0,0.0,0.0,0.0,0.0,0.0,0.0,1.0,0.5098078275384355,0.0,-3.5963767501507458,0.3593082242754299,-2.9277151517217885
-1.0,-1.0,0.0,0.0,0.0,-14.118691880160718,0.0,0.0,-1.0,0.0,0.351263988704661,-0.8995617016237623,-0.4623914589801792,-0.1510598129697641,-0.39148922809737463
0.0,-1.0,0.0,1.0,0.0,0.0,-0.5,-5.0,-1.0,0.0,-0.49221920263347546,-0.8995617016237623,-1.528959121080879,-1.1977963498265174,-0.921717790114575
-1.0,-1.0,0.0,0.0,0.0,-14.118691880160718,0.0,0.0,-1.0,0.0,-0.4223074223877617,-0.8995617016237623,-0.4181292586094668,-1.1110379941279358,-0.3556693599144813
0.0,0.0,2.0,0.0,0.0,0.0,0.0,-5.0,0.0,1.0,0.8068287360457551,0.06840077248282725,1.3222966084812078,0.8352353697155651,1.385704876025957
0.0,0.0,1.0,0.0,0.0,0.0,0.5,0.0,0.0,0.0,-0.3425651187593533,-0.00025119327002035154,-0.5569879289134734,-0.48458909902716496,-0.4680428800893307
0.0,0.0,0.0,1.0,0.0,0.0,-0.5,0.0,0.0,0.0,0.21424681998760128,-0.8995617016237623,-0.1456176208188887,-0.32109387902540626,-0.13513511484287696
0.0,0.0,0.0,0.0,0.0,0.0,-0.5,0.0,0.0,1.0,0.5151446566177043,-0.8995617016237623,-0.0535113621946759,0.05231102423320693,-0.06059670475240441
0.0,0.0,1.0,0.0,0.0,0.0,-0.5,0.0,0.0,0.0,0.25172150879183697,0.04912175162773206,0.0,0.24141694036015288,-0.017291809739350617
0.0,0.0,0.0,1.0,0.0,-14.118691880160718,-0.5,0.0,0.0,0.0,-0.8966995854095685,0.16464347318220565,0.8284123184437693,0.1816514189457501,0.6531136332619896
-1.0,0.0,1.0,0.0,1.0,0.0,0.0,0.0,0.0,1.0,2.367232784078061,-0.8995617016237623,3.4857410706020495,2.35069507313857,2.803597902541715
-1.0,-1.0,0.0,0.0,0.0,0.0,0.0,0.0,-1.0,0.0,-0.00455376025942414,-0.8995617016237623,-0.32152146838293955,-0.5926186278075158,-0.2774880159602233
-1.0,-1.0,0.0,1.0,0.0,0.0,0.0,0.0,-1.0,0.0,0.19481135715198158,-0.8995617016237623,-0.1456176208188887,-0.34521268692777884,-0.13513511484287696
0.0,-1.0,3.0,0.0,0.0,0.0,-0.5,0.0,-1.0,1.0,1.7184105602547093,0.13823232716482586,2.067417629069868,1.9357374786666495,1.6557977866214089
0.0,-1.0,0.0,0.0,0.0,0.0,0.0,0.0,-1.0,0.0,0.07560628884479074,0.15533593353490371,0.7590989691007257,0.6802542054384169,0.5970207364789935
0.0,0.0,0.0,0.0,1.0,0.0,0.5,0.0,0.0,0.0,-0.6465253519207812,0.13879259534487992,0.8673442778607849,0.05363269553837898,0.6846199217596132
0.0,0.0,2.0,0.0,0.0,0.0,0.0,0.0,0.0,1.0,0.6296047270021777,-0.8995617016237623,0.08645847090708549,0.19435242934117727,0.052676041050904385
0.0,-1.0,0.0,0.0,1.0,0.0,0.0,0.0,-1.0,1.0,0.8885004663744002,-0.8995617016237623,-0.9503797353916218,0.515634029757577,-0.7864012656702204
0.0,-1.0,0.0,0.0,0.0,0.0,0.0,10.0,-1.0,0.0,-0.634194741312901,-0.8995617016237623,-0.6490941875376862,-1.3739835995569019,-1.067870770620256
0.0,0.0,2.0,0.0,0.0,0.0,0.0,-15.0,0.0,1.0,0.705198606470354,0.22035611899937343,0.8673442778607849,1.4569056187770153,1.9502633427834462
-1.0,-1.0,0.0,0.0,0.0,0.0,0.0,0.0,-1.0,0.0,0.11016692580065349,-0.8995617016237623,-1.3297453931889043,-0.4502538067114926,-1.093408774144813
0.0,0.0,2.0,0.0,0.0,-14.118691880160718,0.5,0.0,0.0,1.0,1.2052018681485315,-0.8995617016237623,1.5814998281250015,0.9086506682810117,1.2625613132470777
0.0,0.0,0.0,0.0,0.0,0.0,0.0,0.0,0.0,0.0,-0.634779560629001,0.11241407440802752,0.5034765667187975,-0.1322867363138272,0.39015436559757566
0.0,-1.0,0.0,0.0,0.0,-14.118691880160718,0.0,0.0,-1.0,1.0,1.653737147537744,-0.8995617016237623,1.0756984707555168,1.4652690690118064,0.853233765227298
0.0,0.0,1.0,1.0,0.0,0.0,0.5,-15.0,0.0,0.0,-0.6283593808245422,0.08459339523851483,0.20219101886486188,-0.3105662069677614,1.4119778111309917
0.0,-1.0,0.0,0.0,0.0,0.0,-0.5,0.0,-1.0,0.0,-1.0719683804679672,0.13113075321472048,-0.2613501687766651,-0.23156422579381186,-0.22879346389913158
0.0,0.0,1.0,1.0,0.0,0.0,0.5,-15.0,0.0,0.0,-0.1851571706911318,0.05999114584719522,-0.32152146838293955,-0.10252466604748264,0.9881554050636098
-1.0,-1.0,3.0,0.0,0.0,0.0,0.5,-15.0,-1.0,-1.0,-3.255650329551311,0.4792237051747892,2.2696086479347297,3.747561428420883,3.085067407491751
0.0,0.0,0.0,1.0,0.0,-14.118691880160718,0.5,0.0,0.0,0.0,-0.3628207203930762,0.14397707103598478,0.0,0.25772327852531945,-0.017291809739350617
0.0,0.0,0.0,0.0,0.0,0.0,0.0,0.0,0.0,0.0,-0.5656623848361472,0.09939451737845899,0.35785894589990874,-0.17449176082900866,0.27231106049404935
-1.0,0.0,0.0,0.0,0.0,0.0,-0.5,0.0,0.0,0.0,0.25172150879183697,-0.8995617016237623,-0.3012855478539356,-0.2745889499627414,-0.2611117852297677
0.0,0.0,1.0,0.0,0.0,-14.118691880160718,-0.5,0.0,0.0,0.0,0.3471285932588113,-0.8995617016237623,-0.001629784911840148,-0.156191710738414,-0.018610738310900172
0.0,0.0,2.0,1.0,0.0,-6.630554727624644,-0.5,-15.0,0.0,0.0,-0.3277019361601906,-0.4543555003480558,-0.6796470759352063,-0.6118628733961679,0.698336734776056
0.0,0.0,2.0,0.0,0.0,0.0,0.0,0.0,0.0,1.0,1.1256610906045652,-0.8995617016237623,1.4740371367615441,0.809943024927526,1.1755954731627904
0.0,0.0,0.0,0.0,0.0,0.0,-0.5,0.0,0.0,1.0,2.01319470656522,0.10843116030720386,2.1470805913159015,2.1795474831292476,1.7202662672394653
0.0,0.0,0.0,1.0,0.0,0.0,0.0,-5.0,0.0,0.0,-0.01676693510767163,0.0469563874228659,-0.071634270993148,-0.011946563550548862,0.2576448170896341
0.0,0.0,2.0,0.0,1.0,0.0,-0.5,0.0,0.0,1.0,0.705198606470354,0.02989793322036412,-0.38334150026198827,0.6309454246292244,-0.32751683003687543
0.0,-1.0,0.0,0.0,0.0,0.0,0.5,0.0,-1.0,0.0,-0.21381996867018546,-0.8995617016237623,-1.3617500434862064,-0.852311516204639,-1.119309030916674
0.0,0.0,0.0,0.0,0.0,0.0,-0.5,0.0,0.0,1.0,0.6266462051062369,0.08915079154375158,1.127756631247211,0.7307419983026795,0.8953626343535216
0.0,-1.0,0.0,0.0,0.0,-10.338779636004814,0.0,0.0,-1.0,0.0,0.03482582423090353,-0.8995617016237623,-0.4459861423232482,-0.5437497821499393,-0.37821297261915093
0.0,0.0,0.0,0.0,0.0,0.0,-0.5,-15.0,0.0,1.0,1.2905429041775895,-0.8995617016237623,0.8673442778607849,1.0145562529116996,1.9502633427834462
-1.0,0.0,0.0,0.0,0.0,0.0,-0.5,0.0,0.0,0.0,0.3444656912287381,-0.8995617016237623,0.07390329703091784,-0.1594962897478969,0.04251557298806495
0.0,0.0,0.0,0.0,0.0,0.0,0.0,0.0,0.0,1.0,1.1114127047355615,-0.8995617016237623,0.5313835882303128,0.7922612190142879,0.4127385530881987
0.0,0.0,2.0,0.0,1.0,0.0,-0.5,0.0,0.0,1.0,2.126453483888734,-0.002278459413613563,0.35785894589990874,2.159923435925723,0.27231106049404935
0.0,0.0,0.0,0.0,0.0,-8.294689450260627,0.0,-3.0,0.0,1.0,1.1223258009092776,-0.8995617016237623,0.4354840393129073,0.8058040336341477,0.5307126853978994
0.0,-1.0,0.0,1.0,0.0,0.0,-0.5,0.0,-1.0,0.0,-0.10198784507085848,0.028596258373391005,-0.5569879289134734,-0.15882806584389678,-0.4680428800893307
0.0,0.0,1.0,0.0,0.0,0.0,0.5,0.0,0.0,1.0,1.080592726701355,0.1009586139190392,0.7692292539944954,1.1996410383892242,0.6052188257405035
0.0,-1.0,2.0,0.0,0.0,0.0,-0.5,0.0,-1.0,1.0,0.5268175422207555,0.19496596564623078,0.5315053745513939,1.173107257856914,0.4128371105465054
0.0,0.0,2.0,1.0,0.0,0.0,0.0,0.0,0.0,0.0,-0.07103516889798864,-0.18757477021317465,-0.38334150026198827,-0.5594363142385799,-0.32751683003687543
0.0,-1.0,0.0,0.0,0.0,-14.118691880160718,0.0,0.0,-1.0,1.0,1.5259075604021317,-0.8995617016237623,0.9361842196515942,1.3066365073671729,0.740329706180916
0.0,-1.0,0.0,1.0,1.0,0.0,-0.5,0.0,-1.0,0.0,-0.5864526514463225,0.09608902018173542,-0.4684946254486061,-0.20966463845259475,-0.3964283096741226
0.0,0.0,1.0,0.0,0.0,0.0,0.5,0.0,0.0,1.0,0.6345223291543509,0.21968971297220313,2.03188476849163,1.4068484494636384,1.6270422712739194
0.0,0.0,2.0,0.0,1.0,0.0,-0.5,-23.0,0.0,1.0,0.5822978233944414,-0.8995617016237623,0.26575268727569795,0.1356460259886446,2.8550361628381338
0.0,0.0,0.0,0.0,0.0,0.0,0.0,0.0,0.0,1.0,1.1258364977999638,-0.8995617016237623,0.5034765667187975,0.8101606998286227,0.39015436559757566
0.0,0.0,0.0,1.0,0.0,0.0,0.0,0.0,0.0,0.0,-1.064100999468465,0.001124384092698568,-0.6025710957078692,-1.1022502961178102,-0.5049317607201844
0.0,0.0,0.0,0.0,0.0,0.0,0.0,0.0,0.0,0.0,0.05027550478717937,0.14955714817415675,1.0845727290381062,0.5616435849345767,0.8604153955855048
0.0,-1.0,0.0,0.0,0.0,0.0,0.0,0.0,-1.0,1.0,1.658738770503174,-0.8995617016237623,0.5591902619481619,1.4714759283247845,0.43524153257941
0.0,-1.0,1.0,0.0,0.0,0.0,0.5,-15.0,-1.0,0.0,-0.07422069096738994,-0.8995617016237623,-0.28122950455346185,-0.6790731328072036,1.0207622981035847
-1.0,0.0,0.0,0.0,0.0,0.0,-0.5,0.0,0.0,0.0,0.11582052075046026,-0.8995617016237623,-0.04659513516653079,-0.4432378703427272,-0.054999641380130485
0.0,0.0,0.0,1.0,0.0,0.0,-0.5,0.0,0.0,0.0,-0.786258382973563,0.08781943749466575,-0.3419405219029848,-0.3961263676071142,-0.2940124498876314
0.0,0.0,1.0,1.0,0.0,0.0,0.5,0.0,0.0,1.0,0.47326541141421496,0.011862270771370248,0.8432126038202361,0.349233564577911,0.6650909924265609
0.0,0.0,3.0,1.0,0.0,0.0,0.0,0.0,0.0,0.0,-0.28573146737799504,-0.8995617016237623,-1.2363683431963217,-0.9415514606286366,-1.0178419565436039
0.0,0.0,0.0,0.0,0.0,0.0,-0.5,0.0,0.0,0.0,-0.5156440937831831,0.08195074172900599,0.379203758366216,-0.24584766207734404,0.28958467912412555
0.0,-1.0,0.0,0.0,0.0,0.0,-0.5,0.0,-1.0,1.0,2.422372142999286,-0.8995617016237623,2.982264503883252,2.41912131114118,2.396151727204789
0.0,-1.0,0.0,0.0,0.0,-3.3145946778039055,0.5,0.0,-1.0,1.0,1.3088051870800557,-0.8995617016237623,1.314686268408091,1.0372191808238722,1.04663832572221
0.0,-1.0,0.0,0.0,1.0,0.0,0.5,10.0,-1.0,1.0,2.4175236203880672,-0.8995617016237623,3.6663406326911296,2.4131044446297234,2.4244614026069438
0.0,-1.0,0.0,0.0,0.0,0.0,-0.5,0.0,-1.0,0.0,-0.05606335286717458,0.03607890028044239,-0.49043123807511474,-0.08818803768680232,-0.414180851709532
0.0,0.0,0.0,0.0,0.0,0.0,0.0,0.0,0.0,0.0,-1.1480680945018478,0.15971560527079312,0.05227160453144123,-0.010919483904668091,0.025009792267392614
0.0,0.0,2.0,0.0,1.0,0.0,-0.5,-5.0,0.0,1.0,1.2897591628789398,0.263262292077891,2.455161647830889,2.1240967427576964,2.3024933781485344
0.0,0.0,0.0,0.0,0.0,0.0,0.0,0.0,0.0,0.0,-0.634194741312901,0.09312590133356942,-0.4684946254486061,-0.260788256832222,-0.3964283096741226
0.0,-1.0,2.0,0.0,0.0,0.0,-0.5,0.0,-1.0,0.0,0.17679359502082123,-0.8995617016237623,0.13678672886130022,-0.3675721721300382,0.09340495987319329
0.0,-1.0,1.0,0.0,0.0,0.0,0.5,0.0,-1.0,0.0,0.18683086857019576,0.07154534111398576,-0.20274193817290817,0.26684994021356223,-0.1813638495311948
0.0,0.0,0.0,0.0,0.0,0.0,0.5,0.0,0.0,0.0,-0.28573146737799504,0.13913617589533456,0.15331639996977536,0.2718354569502853,0.10678185110890219
0.0,0.0,3.0,1.0,0.0,-14.118691880160718,0.5,-15.0,0.0,0.0,-0.39374032853302815,0.06187307635584174,-1.3617500434862064,-0.2635400086878363,0.146334390107159
-1.0,-1.0,0.0,0.0,0.0,0.0,0.0,0.0,-1.0,0.0,0.11227370857384265,-0.8995617016237623,-2.4093581509728534,-0.44763935448936953,-1.9671020462483908
0.0,0.0,0.0,0.0,0.0,-9.73687105448402,-0.5,-18.0,0.0,0.0,-0.3469368870696425,0.15069567142804066,0.6020011734122653,0.3352431954392321,2.1674279976739377
0.0,0.0,0.0,1.0,0.0,-14.118691880160718,0.5,0.0,0.0,1.0,1.0025643614119006,-0.8995617016237623,-0.4684946254486061,0.6571837935205423,-0.3964283096741226
0.0,-1.0,0.0,0.0,0.0,0.0,-0.5,0.0,-1.0,1.0,1.1039191077877772,0.1782220590682946,1.9845891700240184,1.5175946743348188,1.5887675789054423
0.0,0.0,2.0,1.0,1.0,0.0,0.0,0.0,0.0,0.0,-1.054715696850991,0.07733839588792722,-0.6257127346228832,-0.638472412966149,-0.5236594888613368
0.0,0.0,2.0,0.0,0.0,0.0,0.5,0.0,0.0,1.0,1.5859386844851913,0.011288495213927982,1.2727058207132929,1.551756202857827,1.0126650010774298
-1.0,-1.0,0.0,0.0,0.0,0.0,0.5,0.0,-1.0,0.0,-0.2565409887551453,-0.8995617016237623,-3.2734997455210286,-0.9053269800264807,-2.666421956890543
-1.0,0.0,0.0,0.0,0.0,0.0,0.0,-10.0,0.0,1.0,1.3990833241197704,-0.8995617016237623,0.0,1.1492515550184497,0.7230621308440298
0.0,0.0,0.0,0.0,0.0,0.0,0.5,0.0,0.0,1.0,1.8470609760212193,-0.8995617016237623,0.0,1.7051779572940389,-0.017291809739350617
